time;open;high;low;close;VWAP;Upper Band;Lower Band;Volume;Volume MA
2021-10-29T09:00:00+02:00;58.75;58.96;55;56.57;NaN;NaN;NaN;12150565;NaN
2021-10-29T09:15:00+02:00;56.57;58.51;56.55;58.19;NaN;NaN;NaN;4525579;NaN
2021-10-29T09:30:00+02:00;58.2;60.94;57.82;59.94;NaN;NaN;NaN;4396180;NaN
2021-10-29T09:45:00+02:00;59.96;60;58.84;59.2;NaN;NaN;NaN;2273623;NaN
2021-10-29T10:00:00+02:00;59.2;60;58.91;59.7;NaN;NaN;NaN;1571132;NaN
2021-10-29T10:15:00+02:00;59.7;60;59.56;59.8;NaN;NaN;NaN;1073590;NaN
2021-10-29T10:30:00+02:00;59.8;60.44;59.7;59.99;NaN;NaN;NaN;1863461;NaN
2021-10-29T10:45:00+02:00;60;60.35;59.7;60.16;NaN;NaN;NaN;1310082;NaN
2021-10-29T11:00:00+02:00;60.18;60.83;60.15;60.59;NaN;NaN;NaN;971006;NaN
2021-10-29T11:15:00+02:00;60.59;61.75;60.42;61.62;NaN;NaN;NaN;1487460;NaN
2021-10-29T11:30:00+02:00;61.65;63.85;61.52;63.68;NaN;NaN;NaN;1876941;NaN
2021-10-29T11:45:00+02:00;63.68;64.5;63.14;63.91;NaN;NaN;NaN;1656016;NaN
2021-10-29T12:00:00+02:00;63.9;64.2;61.02;61.12;NaN;NaN;NaN;2031188;NaN
2021-10-29T12:15:00+02:00;61.11;63.24;60.91;62.9;NaN;NaN;NaN;1488021;NaN
2021-10-29T12:30:00+02:00;62.94;63.26;62.71;62.99;NaN;NaN;NaN;1194622;NaN
2021-10-29T12:45:00+02:00;62.99;65.3;62.98;64.51;NaN;NaN;NaN;1590091;NaN
2021-10-29T13:00:00+02:00;64.5;65.4;63.84;65.11;NaN;NaN;NaN;1221667;NaN
2021-10-29T13:15:00+02:00;65.15;67.4;65.11;66.01;NaN;NaN;NaN;1693404;NaN
2021-10-29T13:30:00+02:00;66.01;66.23;64.65;65.41;NaN;NaN;NaN;1304237;NaN
2021-10-29T13:45:00+02:00;65.43;65.5;64.83;65.4;NaN;NaN;NaN;960422;2331964.35
2021-10-29T14:00:00+02:00;65.41;66.07;65.1;66.02;NaN;NaN;NaN;758875;1762379.85
2021-10-29T14:15:00+02:00;66.01;66.1;64.5;65.73;NaN;NaN;NaN;892843;1580743.05
2021-10-29T14:30:00+02:00;65.73;66.005;65.46;65.99;NaN;NaN;NaN;732156;1397541.85
2021-10-29T14:45:00+02:00;65.99;66.005;65.4;65.99;NaN;NaN;NaN;640955;1315908.45
2021-10-29T15:00:00+02:00;65.99;66.2;65.75;65.98;NaN;NaN;NaN;834441;1279073.9
2021-10-29T15:15:00+02:00;65.98;65.98;65.42;65.79;NaN;NaN;NaN;882775;1269533.15
2021-10-29T15:30:00+02:00;65.79;65.88;63.8;64.67;NaN;NaN;NaN;1493872;1251053.7
2021-10-29T15:45:00+02:00;64.7;65.16;64.4;64.93;NaN;NaN;NaN;675774;1219338.3
2021-10-29T16:00:00+02:00;64.93;65.27;64.6;65.22;NaN;NaN;NaN;656414;1203608.7
2021-10-29T16:15:00+02:00;65.22;65.9;64.86;65.38;NaN;NaN;NaN;1314964;1194983.9
2021-10-29T16:30:00+02:00;65.41;65.55;64.85;65.48;NaN;NaN;NaN;834459;1142859.8
2021-10-29T16:45:00+02:00;65.48;65.55;64.56;65;NaN;NaN;NaN;962560;1108187
2021-10-29T17:00:00+02:00;65;66;64.99;65.7;NaN;NaN;NaN;1895942;1101424.7
2021-10-29T17:15:00+02:00;65.68;65.78;65.1;65.2;NaN;NaN;NaN;7972170;1425632.15
2021-11-01T09:00:00+01:00;65.58;68.39;65.3;67;NaN;NaN;NaN;2350093;1483405.7
2021-11-01T09:15:00+01:00;66.93;67;65.2;65.35;NaN;NaN;NaN;1008574;1454329.85
2021-11-01T09:30:00+01:00;65.3;66.1;63;63.5;NaN;NaN;NaN;1601727;1473332.85
2021-11-01T09:45:00+01:00;63.5;64.1;61.27;61.31;NaN;NaN;NaN;1629315;1470128.4
2021-11-01T10:00:00+01:00;61.35;61.83;59;60.21;NaN;NaN;NaN;2371073;1523470.2
2021-11-01T10:15:00+01:00;60.21;61.51;60.15;60.94;NaN;NaN;NaN;1187106;1534804.4
2021-11-01T10:30:00+01:00;60.94;61.89;60.75;61.63;NaN;NaN;NaN;765515;1535136.4
2021-11-01T10:45:00+01:00;61.62;61.93;61.22;61.66;NaN;NaN;NaN;569558;1518972.15
2021-11-01T11:00:00+01:00;61.66;61.99;60.51;61.29;NaN;NaN;NaN;807879;1522758.3
2021-11-01T11:15:00+01:00;61.29;62.1;60.69;61.9;NaN;NaN;NaN;596309;1520526
2021-11-01T11:30:00+01:00;61.92;62.14;61.43;61.75;NaN;NaN;NaN;302228;1493915.35
2021-11-01T11:45:00+01:00;61.75;61.84;60.76;61.15;NaN;NaN;NaN;426309;1471092.05
2021-11-01T12:00:00+01:00;61.15;61.35;60.85;61.23;NaN;NaN;NaN;241788;1408487.85
2021-11-01T12:15:00+01:00;61.23;61.6;61.21;61.49;NaN;NaN;NaN;185560;1383977.15
2021-11-01T12:30:00+01:00;61.49;61.49;60.71;61.01;NaN;NaN;NaN;334432;1367878.05
2021-11-01T12:45:00+01:00;61.04;61.1;60.93;60.98;NaN;NaN;NaN;147630;1309511.35
2021-11-01T13:00:00+01:00;60.98;61.13;60.95;61.1;NaN;NaN;NaN;142926;1274934.7
2021-11-01T13:15:00+01:00;61.1;61.14;60.26;60.6;NaN;NaN;NaN;334247;1243519.05
2021-11-01T13:30:00+01:00;60.56;60.99;60.56;60.82;NaN;NaN;NaN;152916;1156367.75
2021-11-01T13:45:00+01:00;60.83;61.01;60.81;60.97;NaN;NaN;NaN;128486;764183.55
2021-11-01T14:00:00+01:00;60.97;61.28;60.88;60.99;NaN;NaN;NaN;229955;658176.65
2021-11-01T14:15:00+01:00;60.98;61.23;60.97;61.17;NaN;NaN;NaN;174904;616493.15
2021-11-01T14:30:00+01:00;61.16;61.51;61.13;61.44;NaN;NaN;NaN;237189;548266.25
2021-11-01T14:45:00+01:00;61.47;61.59;60.91;61.09;NaN;NaN;NaN;223229;477961.95
2021-11-01T15:00:00+01:00;61.09;61.69;61;61.63;NaN;NaN;NaN;162918;367554.2
2021-11-01T15:15:00+01:00;61.69;61.9;61.42;61.72;NaN;NaN;NaN;173280;316862.9
2021-11-01T15:30:00+01:00;61.72;61.75;61.2;61.4;NaN;NaN;NaN;115066;284340.45
2021-11-01T15:45:00+01:00;61.4;61.48;61.22;61.4;NaN;NaN;NaN;143794;263052.25
2021-11-01T16:00:00+01:00;61.43;61.43;60.31;60.96;NaN;NaN;NaN;386246;241970.6
2021-11-01T16:15:00+01:00;60.95;61.05;60.5;60.86;NaN;NaN;NaN;180776;221193.95
2021-11-01T16:30:00+01:00;60.86;61.05;60.86;60.93;NaN;NaN;NaN;174120;214788.55
2021-11-01T16:45:00+01:00;60.95;60.99;60.64;60.65;NaN;NaN;NaN;220231;204484.65
2021-11-01T17:00:00+01:00;60.65;60.65;60.27;60.55;NaN;NaN;NaN;285823;206686.4
2021-11-01T17:15:00+01:00;60.55;60.65;60.51;60.57;NaN;NaN;NaN;1024655;248641.15
2021-11-02T09:00:00+01:00;60.62;60.78;59.11;59.84;NaN;NaN;NaN;1161997;290019.4
2021-11-02T09:15:00+01:00;59.81;60.28;59.58;59.99;NaN;NaN;NaN;413326;303304.2
2021-11-02T09:30:00+01:00;60;60;59;59.34;NaN;NaN;NaN;1014816;346898.7
2021-11-02T09:45:00+01:00;59.34;59.5;58.85;58.98;NaN;NaN;NaN;564237;358398.2
2021-11-02T10:00:00+01:00;58.97;59.33;58.7;59;NaN;NaN;NaN;387396;370122.2
2021-11-02T10:15:00+01:00;59;59;58.3;58.39;NaN;NaN;NaN;677758;397585.8
2021-11-02T10:30:00+01:00;58.4;58.41;58;58.03;NaN;NaN;NaN;503396;411257.85
2021-11-02T10:45:00+01:00;58.03;58.5;58.03;58.1;NaN;NaN;NaN;376401;421332.7
2021-11-02T11:00:00+01:00;58.1;58.7;58.03;58.67;NaN;NaN;NaN;213759;420161.2
2021-11-02T11:15:00+01:00;58.67;59.1;58.4;58.46;NaN;NaN;NaN;369106;427455.05
2021-11-02T11:30:00+01:00;58.46;58.71;58.17;58.17;NaN;NaN;NaN;158817;427250
2021-11-02T11:45:00+01:00;58.17;58.4;58.03;58.09;NaN;NaN;NaN;186622;427917.1
2021-11-02T12:00:00+01:00;58.1;58.29;58.09;58.13;NaN;NaN;NaN;137845;429056.05
2021-11-02T12:15:00+01:00;58.14;58.16;58;58.02;NaN;NaN;NaN;307586;437245.65
2021-11-02T12:30:00+01:00;58.01;58.27;58;58.22;NaN;NaN;NaN;154793;425673
2021-11-02T12:45:00+01:00;58.23;58.23;58;58.06;NaN;NaN;NaN;362871;434777.75
2021-11-02T13:00:00+01:00;58.07;58.1;57.61;57.62;NaN;NaN;NaN;492270;450685.25
2021-11-02T13:15:00+01:00;57.62;57.62;57.27;57.45;NaN;NaN;NaN;422034;460775.4
2021-11-02T13:30:00+01:00;57.44;58.18;57.4;57.97;NaN;NaN;NaN;357762;464372.35
2021-11-02T13:45:00+01:00;57.98;58;57.02;57.03;NaN;NaN;NaN;471583;436718.75
2021-11-02T14:00:00+01:00;57.03;57.29;56.77;56.78;NaN;NaN;NaN;628496;410043.7
2021-11-02T14:15:00+01:00;56.77;57.03;56.58;57.03;NaN;NaN;NaN;360779;407416.35
2021-11-02T14:30:00+01:00;57.03;57.63;56.94;57.14;NaN;NaN;NaN;362428;374796.95
2021-11-02T14:45:00+01:00;57.14;57.34;56.98;57.11;NaN;NaN;NaN;200162;356593.2
2021-11-02T15:00:00+01:00;57.15;57.5;56.91;57;NaN;NaN;NaN;352213;354834.05
2021-11-02T15:15:00+01:00;57;57.5;57;57.49;NaN;NaN;NaN;215284;331710.35
2021-11-02T15:30:00+01:00;57.49;58.1;57.33;58.05;NaN;NaN;NaN;399386;326509.85
2021-11-02T15:45:00+01:00;58.09;58.1;57.84;57.96;NaN;NaN;NaN;508313;333105.45
2021-11-02T16:00:00+01:00;57.96;58.1;57.3;57.65;NaN;NaN;NaN;278595;336347.25
2021-11-02T16:15:00+01:00;57.57;58;57.5;57.94;NaN;NaN;NaN;144409;325112.4
2021-11-02T16:30:00+01:00;57.94;57.94;57.47;57.5;NaN;NaN;NaN;263553;330349.2
2021-11-02T16:45:00+01:00;57.5;57.5;57;57.02;NaN;NaN;NaN;299661;336001.15
2021-11-02T17:00:00+01:00;57.02;57.02;56.6;56.78;NaN;NaN;NaN;485034;353360.6
2021-11-02T17:15:00+01:00;56.78;57.99;56.74;57.99;NaN;NaN;NaN;661667;371064.65
2021-11-03T09:00:00+01:00;58.04;58.44;55.76;56.26;NaN;NaN;NaN;1412461;433948.05
2021-11-03T09:15:00+01:00;56.26;56.48;55.82;56.14;NaN;NaN;NaN;755509;453579.95
2021-11-03T09:30:00+01:00;56.14;56.86;56;56.24;NaN;NaN;NaN;623351;460134
2021-11-03T09:45:00+01:00;56.3;56.98;56.18;56.9;NaN;NaN;NaN;336787;455871.65
2021-11-03T10:00:00+01:00;56.9;56.98;56.6;56.64;NaN;NaN;NaN;176541;446810.6
2021-11-03T10:15:00+01:00;56.62;57.38;56.62;57.38;NaN;NaN;NaN;123720;429417.45
2021-11-03T10:30:00+01:00;57.4;57.5;57.22;57.4;NaN;NaN;NaN;148188;405402.05
2021-11-03T10:45:00+01:00;57.42;57.76;57.36;57.72;NaN;NaN;NaN;111940;392960.1
2021-11-03T11:00:00+01:00;57.7;57.74;56.9;57;NaN;NaN;NaN;151258;382401.6
2021-11-03T11:15:00+01:00;56.98;57.58;56.82;57.5;NaN;NaN;NaN;46132;374700.1
2021-11-03T11:30:00+01:00;57.46;57.98;57.46;57.96;NaN;NaN;NaN;127123;363445.6
2021-11-03T11:45:00+01:00;57.96;58.42;57.88;58.18;NaN;NaN;NaN;375688;371465.8
2021-11-03T12:00:00+01:00;58.2;58.6;58.1;58.38;NaN;NaN;NaN;190201;361006.55
2021-11-03T12:15:00+01:00;58.38;58.68;58.02;58.32;NaN;NaN;NaN;139466;342564.2
2021-11-03T12:30:00+01:00;58.32;58.5;58.24;58.36;NaN;NaN;NaN;48946;331081.75
2021-11-03T12:45:00+01:00;58.36;58.42;58.04;58.34;NaN;NaN;NaN;45505;326136.55
2021-11-03T13:00:00+01:00;58.34;58.34;58.04;58.04;NaN;NaN;NaN;146272;320272.5
2021-11-03T13:15:00+01:00;58.2;58.62;58.08;58.52;NaN;NaN;NaN;138082;312193.55
2021-11-03T13:30:00+01:00;58.44;58.48;58.14;58.18;NaN;NaN;NaN;114523;293668
2021-11-03T13:45:00+01:00;58.18;58.34;58.1;58.28;NaN;NaN;NaN;95175;265343.4
2021-11-03T14:00:00+01:00;58.28;58.42;58.26;58.38;NaN;NaN;NaN;78846;198662.65
2021-11-03T14:15:00+01:00;58.38;58.38;58.3;58.32;NaN;NaN;NaN;60494;163911.9
2021-11-03T14:30:00+01:00;58.32;58.32;57.46;57.8;NaN;NaN;NaN;239985;144743.6
2021-11-03T14:45:00+01:00;57.8;58.36;57.78;58.28;NaN;NaN;NaN;85455;132177
2021-11-03T15:00:00+01:00;58.28;58.4;57.88;58.1;NaN;NaN;NaN;131580;129928.95
2021-11-03T15:15:00+01:00;58.1;58.34;58.02;58.34;NaN;NaN;NaN;54725;126479.2
2021-11-03T15:30:00+01:00;58.34;58.36;58.08;58.3;NaN;NaN;NaN;91617;123650.65
2021-11-03T15:45:00+01:00;58.2;58.3;58.2;58.24;NaN;NaN;NaN;73025;121704.9
2021-11-03T16:00:00+01:00;58.2;58.3;58.16;58.24;NaN;NaN;NaN;86184;118451.2
2021-11-03T16:15:00+01:00;58.24;58.24;58;58.08;NaN;NaN;NaN;89401;120614.65
2021-11-03T16:30:00+01:00;58.1;58.14;58.06;58.08;NaN;NaN;NaN;63993;117458.15
2021-11-03T16:45:00+01:00;58.06;58.28;58.06;58.24;NaN;NaN;NaN;94796;103413.55
2021-11-03T17:00:00+01:00;58.24;58.26;58.12;58.14;NaN;NaN;NaN;84719;98139.45
2021-11-03T17:15:00+01:00;58.14;58.88;58.06;58.88;NaN;NaN;NaN;856430;133987.65
2021-11-04T09:00:00+01:00;59.48;59.88;58.98;59.26;NaN;NaN;NaN;303696;146725.15
2021-11-04T09:15:00+01:00;59.26;59.6;59.26;59.36;NaN;NaN;NaN;143363;151618.05
2021-11-04T09:30:00+01:00;59.36;59.4;59.06;59.12;NaN;NaN;NaN;89140;148761.45
2021-11-04T09:45:00+01:00;59.14;59.3;58.2;58.8;NaN;NaN;NaN;222498;152982.25
2021-11-04T10:00:00+01:00;58.8;58.94;58.5;58.56;NaN;NaN;NaN;43086;149410.4
2021-11-04T10:15:00+01:00;58.56;58.66;58.46;58.58;NaN;NaN;NaN;49697;147136.5
2021-11-04T10:30:00+01:00;58.58;58.66;58.44;58.44;NaN;NaN;NaN;54212;145904.8
2021-11-04T10:45:00+01:00;58.42;58.44;58.02;58.38;NaN;NaN;NaN;160648;150912.5
2021-11-04T11:00:00+01:00;58.38;58.48;58.28;58.38;NaN;NaN;NaN;82909;143058.7
2021-11-04T11:15:00+01:00;58.38;58.5;58.36;58.48;NaN;NaN;NaN;27234;140147.65
2021-11-04T11:30:00+01:00;58.46;58.58;58.42;58.52;NaN;NaN;NaN;47780;135957.65
2021-11-04T11:45:00+01:00;58.52;58.66;58.46;58.62;NaN;NaN;NaN;24798;134461.3
2021-11-04T12:00:00+01:00;58.6;58.66;58.52;58.64;NaN;NaN;NaN;16612;130711.05
2021-11-04T12:15:00+01:00;58.64;58.66;58.5;58.58;NaN;NaN;NaN;35905;128855.05
2021-11-04T12:30:00+01:00;58.6;58.6;58.44;58.52;NaN;NaN;NaN;22889;125690.3
2021-11-04T12:45:00+01:00;58.54;58.6;58.5;58.6;NaN;NaN;NaN;12326;121836.55
2021-11-04T13:00:00+01:00;58.6;58.68;58.56;58.64;NaN;NaN;NaN;39792;120626.5
2021-11-04T13:15:00+01:00;58.62;58.64;58.56;58.62;NaN;NaN;NaN;18018;116787.6
2021-11-04T13:30:00+01:00;58.62;58.64;58.44;58.5;NaN;NaN;NaN;70528;116078.05
2021-11-04T13:45:00+01:00;58.5;58.62;58.46;58.5;NaN;NaN;NaN;40807;75296.9
2021-11-04T14:00:00+01:00;58.5;58.62;58.5;58.5;NaN;NaN;NaN;29992;61611.7
2021-11-04T14:15:00+01:00;58.54;58.62;58.5;58.6;NaN;NaN;NaN;26662;55776.65
2021-11-04T14:30:00+01:00;58.6;58.62;58.54;58.54;NaN;NaN;NaN;24407;52540
2021-11-04T14:45:00+01:00;58.56;58.6;58.54;58.56;NaN;NaN;NaN;25481;42689.15
2021-11-04T15:00:00+01:00;58.56;58.6;58.38;58.46;NaN;NaN;NaN;65873;43828.5
2021-11-04T15:15:00+01:00;58.46;58.5;58.32;58.36;NaN;NaN;NaN;59158;44301.55
2021-11-04T15:30:00+01:00;58.38;58.5;58.32;58.5;NaN;NaN;NaN;36099;43395.9
2021-11-04T15:45:00+01:00;58.42;58.5;58.42;58.46;NaN;NaN;NaN;42652;37496.1
2021-11-04T16:00:00+01:00;58.44;58.46;58.36;58.4;NaN;NaN;NaN;36151;35158.2
2021-11-04T16:15:00+01:00;58.38;58.4;58.32;58.32;NaN;NaN;NaN;63436;36968.3
2021-11-04T16:30:00+01:00;58.36;58.46;58.32;58.44;NaN;NaN;NaN;48893;37023.95
2021-11-04T16:45:00+01:00;58.44;58.48;58.34;58.4;NaN;NaN;NaN;36441;37606.1
2021-11-04T17:00:00+01:00;58.42;58.62;58.4;58.6;NaN;NaN;NaN;107403;42145.65
2021-11-04T17:15:00+01:00;58.6;59.08;58.6;59.08;NaN;NaN;NaN;611052;70903
2021-11-05T09:00:00+01:00;59.1;59.28;58.3;58.7;NaN;NaN;NaN;194969;79507
2021-11-05T09:15:00+01:00;58.86;58.88;58.6;58.72;NaN;NaN;NaN;64306;82106
2021-11-05T09:30:00+01:00;58.72;58.8;58.62;58.76;NaN;NaN;NaN;27867;81509.75
2021-11-05T09:45:00+01:00;58.76;58.8;58.52;58.66;NaN;NaN;NaN;58310;83524.35
2021-11-05T10:00:00+01:00;58.72;58.8;58.66;58.8;NaN;NaN;NaN;59497;82972.8
2021-11-05T10:15:00+01:00;58.74;58.86;58.74;58.86;NaN;NaN;NaN;48855;83375.2
2021-11-05T10:30:00+01:00;58.86;59.2;58.84;59.08;NaN;NaN;NaN;121473;87949.25
2021-11-05T10:45:00+01:00;59.04;59.1;58.9;59.1;NaN;NaN;NaN;42514;88741.85
2021-11-05T11:00:00+01:00;59.1;59.1;58.72;58.94;NaN;NaN;NaN;58436;90443.3
2021-11-05T11:15:00+01:00;58.94;59.2;58.9;59.14;NaN;NaN;NaN;63252;92331.85
2021-11-05T11:30:00+01:00;59.14;59.14;59;59.06;NaN;NaN;NaN;31572;90616.8
2021-11-05T11:45:00+01:00;59.08;59.12;59.02;59.02;NaN;NaN;NaN;58221;90569.95
2021-11-05T12:00:00+01:00;59.1;59.14;59.02;59.14;NaN;NaN;NaN;60250;91777.5
2021-11-05T12:15:00+01:00;59.12;59.14;58.9;59.02;NaN;NaN;NaN;52027;92246.25
2021-11-05T12:30:00+01:00;59.02;59.12;58.9;59;NaN;NaN;NaN;45258;92701.6
2021-11-05T12:45:00+01:00;59;59.14;58.84;59;NaN;NaN;NaN;228298;100944.7
2021-11-08T09:00:00+01:00;59.04;59.08;58.1;58.14;NaN;NaN;NaN;271928;112096.45
2021-11-08T09:15:00+01:00;58.12;58.36;58;58.02;NaN;NaN;NaN;119721;116260.45
2021-11-08T09:30:00+01:00;58.02;58.1;57.74;57.86;NaN;NaN;NaN;223895;122085.05
2021-11-08T09:45:00+01:00;57.86;58.3;57.8;58.18;NaN;NaN;NaN;75702;95317.55
2021-11-08T10:00:00+01:00;58.18;58.36;58.18;58.2;NaN;NaN;NaN;55749;88356.55
2021-11-08T10:15:00+01:00;58.22;58.3;58;58.02;NaN;NaN;NaN;74173;88849.9
2021-11-08T10:30:00+01:00;58.08;58.12;58.02;58.06;NaN;NaN;NaN;34931;89203.1
2021-11-08T10:45:00+01:00;58.02;58.1;57.9;57.94;NaN;NaN;NaN;76060;90090.6
2021-11-08T11:00:00+01:00;57.96;58.2;57.8;58.2;NaN;NaN;NaN;142286;94230.05
2021-11-08T11:15:00+01:00;58.2;58.32;58.04;58.32;NaN;NaN;NaN;54636;94519.1
2021-11-08T11:30:00+01:00;58.3;58.4;58.24;58.32;NaN;NaN;NaN;85929;92741.9
2021-11-08T11:45:00+01:00;58.32;58.32;58.2;58.22;NaN;NaN;NaN;29327;92082.55
2021-11-08T12:00:00+01:00;58.2;58.2;57.92;58.16;NaN;NaN;NaN;112204;94770.95
2021-11-08T12:15:00+01:00;58.1;58.2;58;58.16;NaN;NaN;NaN;24140;92815.35
2021-11-08T12:30:00+01:00;58.16;58.18;58;58;NaN;NaN;NaN;17736;92123.55
2021-11-08T12:45:00+01:00;58;58.08;57.98;58;NaN;NaN;NaN;17035;90064.25
2021-11-08T13:00:00+01:00;58;58;57.94;57.96;NaN;NaN;NaN;18036;87953.55
2021-11-08T13:15:00+01:00;57.96;57.96;57.94;57.94;NaN;NaN;NaN;26980;86701.2
2021-11-08T13:30:00+01:00;57.94;58;57.92;57.96;NaN;NaN;NaN;49561;86916.35
2021-11-08T13:45:00+01:00;57.94;58.16;57.94;58.16;NaN;NaN;NaN;44544;77728.65
2021-11-08T14:00:00+01:00;58.04;58.04;57.96;58;NaN;NaN;NaN;27686;65516.55
2021-11-08T14:15:00+01:00;58;58;57.78;57.82;NaN;NaN;NaN;171757;68118.35
2021-11-08T14:30:00+01:00;57.82;57.88;57.78;57.82;NaN;NaN;NaN;30319;58439.55
2021-11-08T14:45:00+01:00;57.82;57.88;57.82;57.84;NaN;NaN;NaN;43037;56806.3
2021-11-08T15:00:00+01:00;57.84;57.88;57.66;57.68;NaN;NaN;NaN;69265;57482.1
2021-11-08T15:15:00+01:00;57.66;57.78;57.56;57.58;NaN;NaN;NaN;61784;56862.65
2021-11-08T15:30:00+01:00;57.6;57.64;57.42;57.6;NaN;NaN;NaN;157815;63006.85
2021-11-08T15:45:00+01:00;57.56;57.8;57.5;57.66;NaN;NaN;NaN;54784;61943.05
2021-11-08T16:00:00+01:00;57.76;57.9;57.58;57.82;NaN;NaN;NaN;78006;58729.05
2021-11-08T16:15:00+01:00;57.82;57.92;57.72;57.72;NaN;NaN;NaN;68436;59419.05
2021-11-08T16:30:00+01:00;57.72;57.78;57.62;57.62;NaN;NaN;NaN;69831;58614.15
2021-11-08T16:45:00+01:00;57.62;57.64;57.56;57.6;NaN;NaN;NaN;57192;60007.4
2021-11-08T17:00:00+01:00;57.6;57.9;57.6;57.66;NaN;NaN;NaN;92753;59034.85
2021-11-08T17:15:00+01:00;57.7;57.72;57.18;57.18;NaN;NaN;NaN;379195;76787.6
2021-11-09T09:00:00+01:00;57.2;57.5;56.56;56.8;NaN;NaN;NaN;298858;90843.7
2021-11-09T09:15:00+01:00;56.8;57.1;56.74;56.86;NaN;NaN;NaN;93796;94681.75
2021-11-09T09:30:00+01:00;56.86;56.96;56.7;56.74;NaN;NaN;NaN;67434;97151.65
2021-11-09T09:45:00+01:00;56.7;57.04;56.7;56.96;NaN;NaN;NaN;78433;99724.3
2021-11-09T10:00:00+01:00;57;57.22;56.8;57.18;NaN;NaN;NaN;49907;99741.6
2021-11-09T10:15:00+01:00;57.08;57.3;57.04;57.3;NaN;NaN;NaN;35217;99275.25
2021-11-09T10:30:00+01:00;57.36;57.42;57.28;57.34;NaN;NaN;NaN;34235;99602.7
2021-11-09T10:45:00+01:00;57.36;57.44;57.34;57.42;NaN;NaN;NaN;34048;92717.25
2021-11-09T11:00:00+01:00;57.4;57.8;57.34;57.78;NaN;NaN;NaN;60747;94238.65
2021-11-09T11:15:00+01:00;57.72;57.98;57.72;57.96;NaN;NaN;NaN;70197;95596.65
2021-11-09T11:30:00+01:00;57.96;57.98;57.86;57.92;NaN;NaN;NaN;22031;93234.95
2021-11-09T11:45:00+01:00;57.94;58.38;57.84;58.3;NaN;NaN;NaN;93828;94837.15
2021-11-09T12:00:00+01:00;58.3;58.38;58.02;58.14;NaN;NaN;NaN;27743;88333.55
2021-11-09T12:15:00+01:00;58.14;58.14;57.84;57.96;NaN;NaN;NaN;30954;87142.05
2021-11-09T12:30:00+01:00;57.9;58;57.9;57.98;NaN;NaN;NaN;21954;84339.45
2021-11-09T12:45:00+01:00;58;58;57.92;57.96;NaN;NaN;NaN;12056;81520.45
2021-11-09T13:00:00+01:00;57.92;57.96;57.82;57.9;NaN;NaN;NaN;23982;79228
2021-11-09T13:15:00+01:00;57.92;58;57.8;57.96;NaN;NaN;NaN;36033;78170.05
2021-11-09T13:30:00+01:00;57.9;57.96;57.6;57.6;NaN;NaN;NaN;28065;74935.65
2021-11-09T13:45:00+01:00;57.64;58.02;57.6;58.02;NaN;NaN;NaN;54185;58685.15
2021-11-09T14:00:00+01:00;57.92;58.02;57.8;57.88;NaN;NaN;NaN;32033;45343.9
2021-11-09T14:15:00+01:00;57.86;58.06;57.78;57.9;NaN;NaN;NaN;32066;42257.4
2021-11-09T14:30:00+01:00;57.88;57.9;57.7;57.7;NaN;NaN;NaN;11976;39484.5
2021-11-09T14:45:00+01:00;57.74;57.74;57.5;57.54;NaN;NaN;NaN;28171;36971.4
2021-11-09T15:00:00+01:00;57.54;57.76;57.5;57.74;NaN;NaN;NaN;35393;36245.7
2021-11-09T15:15:00+01:00;57.74;57.9;57.44;57.44;NaN;NaN;NaN;58468;37408.25
2021-11-09T15:30:00+01:00;57.56;57.6;57.22;57.42;NaN;NaN;NaN;60378;38715.4
2021-11-09T15:45:00+01:00;57.44;57.56;57;57.08;NaN;NaN;NaN;84471;41236.55
2021-11-09T16:00:00+01:00;57.08;57.12;57;57.1;NaN;NaN;NaN;41670;40282.7
2021-11-09T16:15:00+01:00;57.1;57.14;57.04;57.12;NaN;NaN;NaN;31721;38358.9
2021-11-09T16:30:00+01:00;57.12;57.12;57;57.1;NaN;NaN;NaN;25694;38542.05
2021-11-09T16:45:00+01:00;57.08;57.16;57.04;57.14;NaN;NaN;NaN;24469;35074.1
2021-11-09T17:00:00+01:00;57.12;57.16;57.02;57.16;NaN;NaN;NaN;47334;36053.65
2021-11-09T17:15:00+01:00;57.12;57.3;57.1;57.3;NaN;NaN;NaN;146917;41851.8
2021-11-10T09:00:00+01:00;57.48;57.5;56.98;57.06;NaN;NaN;NaN;105607;46034.45
2021-11-10T09:15:00+01:00;57.14;57.16;56.72;56.86;NaN;NaN;NaN;102164;50539.85
2021-11-10T09:30:00+01:00;56.86;57.06;56.8;56.86;NaN;NaN;NaN;47732;51727.35
2021-11-10T09:45:00+01:00;56.88;57.14;56.86;57.04;NaN;NaN;NaN;36503;51750.85
2021-11-10T10:00:00+01:00;57.1;57.16;57.02;57.1;NaN;NaN;NaN;25131;51604.15
2021-11-10T10:15:00+01:00;57.12;57.16;57.1;57.14;NaN;NaN;NaN;10134;49401.6
2021-11-10T10:30:00+01:00;57.14;57.38;57.1;57.3;NaN;NaN;NaN;38651;49732.5
2021-11-10T10:45:00+01:00;57.34;57.5;57.2;57.32;NaN;NaN;NaN;35299;49894.15
2021-11-10T11:00:00+01:00;57.32;57.74;57.32;57.62;NaN;NaN;NaN;60183;52304.5
2021-11-10T11:15:00+01:00;57.76;57.76;57.6;57.74;NaN;NaN;NaN;28995;52345.7
2021-11-10T11:30:00+01:00;57.72;57.76;57.6;57.7;NaN;NaN;NaN;22481;51700.1
2021-11-10T11:45:00+01:00;57.72;57.72;57.52;57.52;NaN;NaN;NaN;12497;49401.55
2021-11-10T12:00:00+01:00;57.52;57.6;57.06;57.06;NaN;NaN;NaN;26884;47726.85
2021-11-10T12:15:00+01:00;57.04;57.28;57.04;57.1;NaN;NaN;NaN;26205;44813.55
2021-11-10T12:30:00+01:00;57.14;57.28;57.14;57.22;NaN;NaN;NaN;8268;43143.45
2021-11-10T12:45:00+01:00;57.26;57.28;57.18;57.18;NaN;NaN;NaN;8982;42006.5
2021-11-10T13:00:00+01:00;57.18;57.28;57.16;57.2;NaN;NaN;NaN;13310;41387.3
2021-11-10T13:15:00+01:00;57.16;57.3;57.16;57.22;NaN;NaN;NaN;5609;40444.3
2021-11-10T13:30:00+01:00;57.26;57.48;57.24;57.4;NaN;NaN;NaN;12888;38722
2021-11-10T13:45:00+01:00;57.38;57.46;57.32;57.46;NaN;NaN;NaN;11280;31940.15
2021-11-10T14:00:00+01:00;57.46;57.48;57.4;57.46;NaN;NaN;NaN;7224;27021
2021-11-10T14:15:00+01:00;57.46;57.54;57.44;57.52;NaN;NaN;NaN;5693;22197.45
2021-11-10T14:30:00+01:00;57.5;57.6;57.48;57.5;NaN;NaN;NaN;18848;20753.25
2021-11-10T14:45:00+01:00;57.5;57.6;57.5;57.54;NaN;NaN;NaN;10340;19445.1
2021-11-10T15:00:00+01:00;57.52;57.58;57.48;57.58;NaN;NaN;NaN;10850;18731.05
2021-11-10T15:15:00+01:00;57.56;57.6;57.5;57.52;NaN;NaN;NaN;15250;18986.85
2021-11-10T15:30:00+01:00;57.54;57.82;57.54;57.8;NaN;NaN;NaN;67586;20433.6
2021-11-10T15:45:00+01:00;57.8;58.64;57.8;58.64;NaN;NaN;NaN;313319;34334.6
2021-11-10T16:00:00+01:00;58.64;58.84;58.26;58.26;NaN;NaN;NaN;63057;34478.3
2021-11-10T16:15:00+01:00;58.26;58.36;58.2;58.3;NaN;NaN;NaN;17044;33880.75
2021-11-10T16:30:00+01:00;58.3;58.46;58.28;58.46;NaN;NaN;NaN;33295;34421.45
2021-11-10T16:45:00+01:00;58.46;58.46;58.24;58.26;NaN;NaN;NaN;24801;35036.65
2021-11-10T17:00:00+01:00;58.26;58.38;58.24;58.36;NaN;NaN;NaN;21894;34787.15
2021-11-10T17:15:00+01:00;58.38;58.8;58.38;58.8;NaN;NaN;NaN;305186;48736.2
2021-11-11T09:00:00+01:00;58.96;59.76;58.6;59.76;NaN;NaN;NaN;387940;67719.8
2021-11-11T09:15:00+01:00;59.76;60.56;59.76;60.52;NaN;NaN;NaN;361609;85351.15
2021-11-11T09:30:00+01:00;60.52;60.54;59.68;60.22;NaN;NaN;NaN;186009;93986.1
2021-11-11T09:45:00+01:00;60.22;60.76;60.2;60.72;NaN;NaN;NaN;279951;107703.2
2021-11-11T10:00:00+01:00;60.72;61.3;60.5;61.02;NaN;NaN;NaN;305245;122321.05
2021-11-11T10:15:00+01:00;61.02;61.24;60.96;61.16;NaN;NaN;NaN;222877;132900.9
2021-11-11T10:30:00+01:00;61.1;61.2;60.96;61.08;NaN;NaN;NaN;83763;136727.85
2021-11-11T10:45:00+01:00;61.1;61.28;61.06;61.14;NaN;NaN;NaN;141285;143507.45
2021-11-11T11:00:00+01:00;61.14;61.36;61.04;61.36;NaN;NaN;NaN;211401;153135.1
2021-11-11T11:15:00+01:00;61.36;61.74;61.36;61.6;NaN;NaN;NaN;217842;163510.2
2021-11-11T11:30:00+01:00;61.6;62.5;61.54;62.1;NaN;NaN;NaN;375720;181753.7
2021-11-11T11:45:00+01:00;62.06;63.44;62.04;63.4;NaN;NaN;NaN;690339;215508.15
2021-11-11T12:00:00+01:00;63.4;64.38;62.66;62.82;NaN;NaN;NaN;333824;228820.05
2021-11-11T12:15:00+01:00;62.88;63.5;62.8;63.14;NaN;NaN;NaN;146126;220460.4
2021-11-11T12:30:00+01:00;63.14;63.16;62.64;62.74;NaN;NaN;NaN;107194;222667.25
2021-11-11T12:45:00+01:00;62.74;62.76;62.46;62.56;NaN;NaN;NaN;108968;227263.45
2021-11-11T13:00:00+01:00;62.54;62.66;62.52;62.58;NaN;NaN;NaN;87834;229990.4
2021-11-11T13:15:00+01:00;62.58;63.44;62.5;63.2;NaN;NaN;NaN;153213;236411
2021-11-11T13:30:00+01:00;63.2;63.2;62.75;62.94;NaN;NaN;NaN;41518;237392.2
2021-11-11T13:45:00+01:00;62.92;62.94;62.48;62.74;NaN;NaN;NaN;66170;225441.4
2021-11-11T14:00:00+01:00;62.7;63.28;62.7;63.28;NaN;NaN;NaN;106743;211381.55
2021-11-11T14:15:00+01:00;63.24;63.7;63.14;63.64;NaN;NaN;NaN;224958;204549
2021-11-11T14:30:00+01:00;63.68;63.9;63.58;63.84;NaN;NaN;NaN;156231;203060.1
2021-11-11T14:45:00+01:00;63.82;63.86;63.52;63.52;NaN;NaN;NaN;83310;193228.05
2021-11-11T15:00:00+01:00;63.56;63.68;63.52;63.58;NaN;NaN;NaN;79613;181946.45
2021-11-11T15:15:00+01:00;63.58;63.9;63.56;63.82;NaN;NaN;NaN;93759;175490.55
2021-11-11T15:30:00+01:00;63.82;63.88;63.76;63.78;NaN;NaN;NaN;73570;174980.9
2021-11-11T15:45:00+01:00;63.78;63.94;63.78;63.92;NaN;NaN;NaN;62454;171039.35
2021-11-11T16:00:00+01:00;63.94;64.1;63.92;64.04;NaN;NaN;NaN;224293;171683.95
2021-11-11T16:15:00+01:00;64.04;64.04;63.98;63.98;NaN;NaN;NaN;60338;163808.75
2021-11-11T16:30:00+01:00;64;64.24;63.86;64.2;NaN;NaN;NaN;145013;152273.4
2021-11-11T16:45:00+01:00;64.24;64.56;63.72;63.9;NaN;NaN;NaN;198208;127666.85
2021-11-11T17:00:00+01:00;63.94;64.96;63.9;64.28;NaN;NaN;NaN;304438;126197.55
2021-11-11T17:15:00+01:00;64.28;64.6;63.98;64.6;NaN;NaN;NaN;567298;147256.15
2021-11-12T09:00:00+01:00;64.6;67.42;63.82;66.8;NaN;NaN;NaN;490045;166398.7
2021-11-12T09:15:00+01:00;66.9;69;66.8;67.7;NaN;NaN;NaN;544850;188192.8
2021-11-12T09:30:00+01:00;67.7;67.7;66.8;66.98;NaN;NaN;NaN;375060;202554.1
2021-11-12T09:45:00+01:00;67;67.5;66.8;67.5;NaN;NaN;NaN;242573;207022.1
2021-11-12T10:00:00+01:00;67.48;67.5;67.08;67.2;NaN;NaN;NaN;102338;210063.1
2021-11-12T10:15:00+01:00;67.22;68;67;67.92;NaN;NaN;NaN;163911;214950.15
2021-11-12T10:30:00+01:00;67.92;68.4;67.92;68.08;NaN;NaN;NaN;191099;219167.95
2021-11-12T10:45:00+01:00;68.08;68.24;68;68.2;NaN;NaN;NaN;59642;210902.15
2021-11-12T11:00:00+01:00;68.22;68.88;68.14;68.7;NaN;NaN;NaN;370577;221619.45
2021-11-12T11:15:00+01:00;68.7;68.82;68.5;68.52;NaN;NaN;NaN;95061;222207
2021-11-12T11:30:00+01:00;68.66;69.1;68.5;68.72;NaN;NaN;NaN;227069;229579.8
2021-11-12T11:45:00+01:00;68.74;68.74;67.74;68.44;NaN;NaN;NaN;142297;232006.7
2021-11-12T12:00:00+01:00;68.44;68.84;68.42;68.82;NaN;NaN;NaN;103286;233492.5
2021-11-12T12:15:00+01:00;68.82;69.08;68.72;69.02;NaN;NaN;NaN;166521;238695.85
2021-11-12T12:30:00+01:00;69.08;69.1;68.9;69.1;NaN;NaN;NaN;95077;232235.05
2021-11-12T12:45:00+01:00;69.1;69.58;68.98;69.58;NaN;NaN;NaN;224273;240431.8
2021-11-12T13:00:00+01:00;69.58;69.7;69.5;69.7;NaN;NaN;NaN;123257;239344
2021-11-12T13:15:00+01:00;69.7;69.74;69.52;69.74;NaN;NaN;NaN;117564;235311.8
2021-11-12T13:30:00+01:00;69.74;70.76;69.7;70.44;NaN;NaN;NaN;446492;242414.5
2021-11-12T13:45:00+01:00;70.44;72.7;70.26;71.34;NaN;NaN;NaN;355665;231832.85
2021-11-12T14:00:00+01:00;71.44;72;70.84;70.84;NaN;NaN;NaN;227947;218727.95
2021-11-12T14:15:00+01:00;70.84;72.3;70.54;72.06;NaN;NaN;NaN;213066;202138.75
2021-11-12T14:30:00+01:00;72.08;72.32;71.42;71.88;NaN;NaN;NaN;204580;193614.75
2021-11-12T14:45:00+01:00;71.82;72.3;71.16;71.96;NaN;NaN;NaN;152219;189097.05
2021-11-12T15:00:00+01:00;71.96;72.16;71.66;71.78;NaN;NaN;NaN;142846;191122.45
2021-11-12T15:15:00+01:00;71.78;71.98;71.42;71.88;NaN;NaN;NaN;131603;189507.05
2021-11-12T15:30:00+01:00;71.86;71.94;71.5;71.86;NaN;NaN;NaN;117049;185804.55
2021-11-12T15:45:00+01:00;71.76;71.84;71.26;71.3;NaN;NaN;NaN;130462;189345.55
2021-11-12T16:00:00+01:00;71.28;72.08;71.16;71.9;NaN;NaN;NaN;279375;184785.45
2021-11-12T16:15:00+01:00;71.9;72;71.48;71.9;NaN;NaN;NaN;120902;186077.5
2021-11-12T16:30:00+01:00;71.9;71.96;71.74;71.9;NaN;NaN;NaN;69483;178198.2
2021-11-12T16:45:00+01:00;71.9;71.94;71.7;71.88;NaN;NaN;NaN;161674;179167.05
2021-11-12T17:00:00+01:00;71.86;74.18;71.86;74.1;NaN;NaN;NaN;1009891;224497.3
2021-11-12T17:15:00+01:00;74.08;77.78;73.82;76;NaN;NaN;NaN;1402272;286284.85
2021-11-15T09:00:00+01:00;77;81.92;77;79.76;NaN;NaN;NaN;1672122;365137.1
2021-11-15T09:15:00+01:00;79.8;79.8;76.52;78.5;NaN;NaN;NaN;918175;399832.2
2021-11-15T09:30:00+01:00;78.5;79.5;77.76;79.5;NaN;NaN;NaN;469741;417156.4
2021-11-15T09:45:00+01:00;79.58;80;79.06;79.98;NaN;NaN;NaN;780655;450310.95
2021-11-15T10:00:00+01:00;80;80;79.5;79.94;NaN;NaN;NaN;562623;456117.5
2021-11-15T10:15:00+01:00;79.94;80.5;78.2;78.48;NaN;NaN;NaN;832046;479936.55
2021-11-15T10:30:00+01:00;78.48;78.78;77.6;78.6;NaN;NaN;NaN;420232;489550.8
2021-11-15T10:45:00+01:00;78.6;79;78.2;78.66;NaN;NaN;NaN;208268;489310.9
2021-11-15T11:00:00+01:00;78.66;80.5;78.66;80.46;NaN;NaN;NaN;248341;491498.95
2021-11-15T11:15:00+01:00;80.48;80.48;79;79.36;NaN;NaN;NaN;196339;493704.95
2021-11-15T11:30:00+01:00;79.26;80.06;79.26;79.84;NaN;NaN;NaN;153733;494249.3
2021-11-15T11:45:00+01:00;79.84;80.4;79.68;80.24;NaN;NaN;NaN;158575;495597.9
2021-11-15T12:00:00+01:00;80.24;80.38;79.86;80;NaN;NaN;NaN;112930;495391.95
2021-11-15T12:15:00+01:00;80;80.32;79.76;80.22;NaN;NaN;NaN;105881;494162.9
2021-11-15T12:30:00+01:00;80.2;80.5;80.02;80.28;NaN;NaN;NaN;106333;485510.8
2021-11-15T12:45:00+01:00;80.28;80.3;79.76;80;NaN;NaN;NaN;107236;484827.5
2021-11-15T13:00:00+01:00;80;80.1;79.8;80.08;NaN;NaN;NaN;78767;485291.7
2021-11-15T13:15:00+01:00;80.08;80.08;79.8;79.88;NaN;NaN;NaN;61093;480262.65
2021-11-15T13:30:00+01:00;79.88;79.96;79.7;79.84;NaN;NaN;NaN;123094;435922.8
2021-11-15T13:45:00+01:00;79.9;79.92;79.68;79.72;NaN;NaN;NaN;44988;368058.6
2021-11-15T14:00:00+01:00;79.7;79.7;79.5;79.68;NaN;NaN;NaN;72779;288091.45
2021-11-15T14:15:00+01:00;79.68;79.92;79.68;79.76;NaN;NaN;NaN;47238;244544.6
2021-11-15T14:30:00+01:00;79.7;79.88;79.56;79.78;NaN;NaN;NaN;56970;223906.05
2021-11-15T14:45:00+01:00;79.78;80.9;79.78;80.52;NaN;NaN;NaN;313848;200565.7
2021-11-15T15:00:00+01:00;80.52;81.38;80.5;80.7;NaN;NaN;NaN;362019;190535.5
2021-11-15T15:15:00+01:00;80.72;81.16;80.1;80.6;NaN;NaN;NaN;137070;155786.7
2021-11-15T15:30:00+01:00;80.6;80.96;79.8;80.32;NaN;NaN;NaN;160042;142777.2
2021-11-15T15:45:00+01:00;80.34;80.94;80.14;80.3;NaN;NaN;NaN;122107;138469.15
2021-11-15T16:00:00+01:00;80.4;80.64;80.2;80.34;NaN;NaN;NaN;95633;130833.75
2021-11-15T16:15:00+01:00;80.34;80.8;80.34;80.8;NaN;NaN;NaN;116950;126864.3
2021-11-15T16:30:00+01:00;80.8;80.8;80.2;80.48;NaN;NaN;NaN;126484;125501.85
2021-11-15T16:45:00+01:00;80.48;80.76;80.26;80.4;NaN;NaN;NaN;99275;122536.85
2021-11-15T17:00:00+01:00;80.4;81.2;80.2;81.14;NaN;NaN;NaN;248635;129322.1
2021-11-15T17:15:00+01:00;81.14;81.14;80.16;80.24;NaN;NaN;NaN;591533;153604.7
2021-11-16T09:00:00+01:00;80.24;80.5;76.3;77.4;NaN;NaN;NaN;889162;192746.15
2021-11-16T09:15:00+01:00;77.42;78.28;77.32;77.66;NaN;NaN;NaN;259603;200364.5
2021-11-16T09:30:00+01:00;77.6;80;77.5;80;NaN;NaN;NaN;230957;207974
2021-11-16T09:45:00+01:00;80;80.88;78.94;80.48;NaN;NaN;NaN;197492;214793.95
2021-11-16T10:00:00+01:00;80.72;80.9;79.1;79.12;NaN;NaN;NaN;133996;215339.05
2021-11-16T10:15:00+01:00;79.12;80.5;79.1;80.32;NaN;NaN;NaN;72594;216719.35
2021-11-16T10:30:00+01:00;80.32;80.44;79.76;79.9;NaN;NaN;NaN;57723;215966.55
2021-11-16T10:45:00+01:00;79.9;80;79.1;79.48;NaN;NaN;NaN;56765;216442.9
2021-11-16T11:00:00+01:00;79.46;79.6;79.02;79.6;NaN;NaN;NaN;50066;216097.7
2021-11-16T11:15:00+01:00;79.58;79.58;79.04;79.4;NaN;NaN;NaN;92480;205029.3
2021-11-16T11:30:00+01:00;79.36;80;79.34;80;NaN;NaN;NaN;131155;193486.1
2021-11-16T11:45:00+01:00;79.98;80.26;79.92;80.2;NaN;NaN;NaN;74660;190365.6
2021-11-16T12:00:00+01:00;80.26;80.32;79.68;79.7;NaN;NaN;NaN;64448;185585.9
2021-11-16T12:15:00+01:00;79.72;79.98;79.72;79.92;NaN;NaN;NaN;42609;181611
2021-11-16T12:30:00+01:00;79.92;80.3;79.92;80.06;NaN;NaN;NaN;47320;179195.35
2021-11-16T12:45:00+01:00;80.06;80.8;80.06;80.8;NaN;NaN;NaN;100792;178387.45
2021-11-16T13:00:00+01:00;80.8;81.5;80.78;81.34;NaN;NaN;NaN;196808;181903.65
2021-11-16T13:15:00+01:00;81.38;81.42;81.16;81.32;NaN;NaN;NaN;58902;179885
2021-11-16T13:30:00+01:00;81.32;81.48;81.2;81.4;NaN;NaN;NaN;88145;171860.5
2021-11-16T13:45:00+01:00;81.4;81.9;81.28;81.48;NaN;NaN;NaN;132547;148911.2
2021-11-16T14:00:00+01:00;81.48;81.48;81.2;81.38;NaN;NaN;NaN;62647;107585.45
2021-11-16T14:15:00+01:00;81.38;82.78;81.28;82.78;NaN;NaN;NaN;269211;108065.85
2021-11-16T14:30:00+01:00;82.76;83.38;81.98;82.12;NaN;NaN;NaN;240720;108554
2021-11-16T14:45:00+01:00;82.12;82.64;82.1;82.2;NaN;NaN;NaN;82816;102820.2
2021-11-16T15:00:00+01:00;82.2;82.78;81.98;82.42;NaN;NaN;NaN;95397;100890.25
2021-11-16T15:15:00+01:00;82.42;82.68;82.3;82.3;NaN;NaN;NaN;90910;101806.05
2021-11-16T15:30:00+01:00;82.3;82.48;81.64;82.28;NaN;NaN;NaN;180661;107952.95
2021-11-16T15:45:00+01:00;82.28;82.34;79.9;80.72;NaN;NaN;NaN;311912;120710.3
2021-11-16T16:00:00+01:00;80.74;81.7;80;81.48;NaN;NaN;NaN;169026;126658.3
2021-11-16T16:15:00+01:00;81.5;81.68;81;81.5;NaN;NaN;NaN;164276;130248.1
2021-11-16T16:30:00+01:00;81.52;82.42;81.2;82.4;NaN;NaN;NaN;220137;134697.2
2021-11-16T16:45:00+01:00;82.4;82.6;82.12;82.32;NaN;NaN;NaN;112700;136599.2
2021-11-16T17:00:00+01:00;82.32;83.46;81.66;83.46;NaN;NaN;NaN;397435;153248.55
2021-11-16T17:15:00+01:00;83.34;83.42;82.7;82.94;NaN;NaN;NaN;313884;166812.3
2021-11-17T09:00:00+01:00;83;84.5;82;83.32;NaN;NaN;NaN;687503;198821.45
2021-11-17T09:15:00+01:00;83.34;84.48;83;83.64;NaN;NaN;NaN;343227;210943.2
2021-11-17T09:30:00+01:00;83.8;84.14;83.02;83.22;NaN;NaN;NaN;294878;215846.7
2021-11-17T09:45:00+01:00;83.38;83.58;82.68;82.94;NaN;NaN;NaN;230797;224441.45
2021-11-17T10:00:00+01:00;82.82;83.38;82.6;82.62;NaN;NaN;NaN;179591;229013.75
2021-11-17T10:15:00+01:00;82.62;82.98;82.14;82.5;NaN;NaN;NaN;308460;237809.4
2021-11-17T10:30:00+01:00;82.56;82.6;81.54;81.6;NaN;NaN;NaN;182232;243788.65
2021-11-17T10:45:00+01:00;81.64;82.22;81.04;81.3;NaN;NaN;NaN;231790;241917.6
2021-11-17T11:00:00+01:00;81.4;82.2;81.24;81.76;NaN;NaN;NaN;123348;236049
2021-11-17T11:15:00+01:00;81.76;81.8;81;81.02;NaN;NaN;NaN;187093;241262.85
2021-11-17T11:30:00+01:00;81.02;81.7;81;81.16;NaN;NaN;NaN;147220;243854
2021-11-17T11:45:00+01:00;81.16;81.16;80.12;80.72;NaN;NaN;NaN;217022;250159.6
2021-11-17T12:00:00+01:00;80.76;80.76;80.28;80.3;NaN;NaN;NaN;85466;245399.85
2021-11-17T12:15:00+01:00;80.3;82.2;80.3;81.8;NaN;NaN;NaN;104139;235011.2
2021-11-17T12:30:00+01:00;81.78;81.86;81.08;81.32;NaN;NaN;NaN;65852;229852.5
2021-11-17T12:45:00+01:00;81.32;81.66;81.1;81.2;NaN;NaN;NaN;38420;223559.7
2021-11-17T13:00:00+01:00;81.28;81.8;81.2;81.7;NaN;NaN;NaN;41847;214645.2
2021-11-17T13:15:00+01:00;81.7;81.76;81.06;81.18;NaN;NaN;NaN;44086;211214.5
2021-11-17T13:30:00+01:00;81.2;81.4;80.98;80.98;NaN;NaN;NaN;54420;194063.75
2021-11-17T13:45:00+01:00;80.98;81.02;80.64;80.7;NaN;NaN;NaN;74467;182092.9
2021-11-17T14:00:00+01:00;80.74;80.8;80.3;80.6;NaN;NaN;NaN;81869;151811.2
2021-11-17T14:15:00+01:00;80.62;80.62;80.12;80.18;NaN;NaN;NaN;101592;139729.45
2021-11-17T14:30:00+01:00;80.14;80.2;79.4;79.54;NaN;NaN;NaN;276339;138802.5
2021-11-17T14:45:00+01:00;79.54;79.62;78.92;79.16;NaN;NaN;NaN;218429;138184.1
2021-11-17T15:00:00+01:00;79.16;80.4;79.16;79.36;NaN;NaN;NaN;126957;135552.4
2021-11-17T15:15:00+01:00;79.36;79.74;79.2;79.5;NaN;NaN;NaN;115620;125910.4
2021-11-17T15:30:00+01:00;79.5;79.52;77.6;78.28;NaN;NaN;NaN;285995;131098.55
2021-11-17T15:45:00+01:00;78.26;78.52;76.78;77.62;NaN;NaN;NaN;261830;132600.55
2021-11-17T16:00:00+01:00;77.64;78.38;77.58;78.1;NaN;NaN;NaN;192081;136037.2
2021-11-17T16:15:00+01:00;78.1;78.12;77.1;77.96;NaN;NaN;NaN;193472;136356.15
2021-11-17T16:30:00+01:00;77.96;78.74;77.88;78.74;NaN;NaN;NaN;106135;134301.9
2021-11-17T16:45:00+01:00;78.74;78.86;77.66;77.66;NaN;NaN;NaN;157882;131344.9
2021-11-17T17:00:00+01:00;77.7;78.02;77.3;77.52;NaN;NaN;NaN;185487;136345.95
2021-11-17T17:15:00+01:00;77.52;77.72;77;77;NaN;NaN;NaN;627288;162503.4
2021-11-18T09:00:00+01:00;77;79.44;75;78.7;NaN;NaN;NaN;605730;189497.3
2021-11-18T09:15:00+01:00;78.74;79;77.32;77.42;NaN;NaN;NaN;108091;192980.85
2021-11-18T09:30:00+01:00;77.42;78.2;76.5;78.1;NaN;NaN;NaN;154809;198628.95
2021-11-18T09:45:00+01:00;78.1;78.38;77.32;78.1;NaN;NaN;NaN;76393;200244.3
2021-11-18T10:00:00+01:00;78.1;78.94;77.9;78.54;NaN;NaN;NaN;118902;203468.4
2021-11-18T10:15:00+01:00;78.66;78.98;78.12;78.3;NaN;NaN;NaN;60074;202748.75
2021-11-18T10:30:00+01:00;78.16;78.36;77.92;78.1;NaN;NaN;NaN;40558;200683.2
2021-11-18T10:45:00+01:00;78.1;78.22;77.96;78.16;NaN;NaN;NaN;24506;196828.9
2021-11-18T11:00:00+01:00;78.18;78.46;78.14;78.28;NaN;NaN;NaN;34396;184731.75
2021-11-18T11:15:00+01:00;78.28;78.42;78.24;78.34;NaN;NaN;NaN;16343;174627.45
2021-11-18T11:30:00+01:00;78.34;78.82;78.28;78.78;NaN;NaN;NaN;35441;170051.65
2021-11-18T11:45:00+01:00;78.74;78.88;78.58;78.58;NaN;NaN;NaN;37366;166138.95
2021-11-18T12:00:00+01:00;78.58;78.6;78;78.2;NaN;NaN;NaN;27871;153232.75
2021-11-18T12:15:00+01:00;78.2;78.24;78.1;78.14;NaN;NaN;NaN;29593;141620.9
2021-11-18T12:30:00+01:00;78.14;78.48;78.14;78.46;NaN;NaN;NaN;28872;133460.45
2021-11-18T12:45:00+01:00;78.46;78.54;78.38;78.48;NaN;NaN;NaN;16202;124596.95
2021-11-18T13:00:00+01:00;78.48;78.5;78;78.12;NaN;NaN;NaN;82654;123422.9
2021-11-18T13:15:00+01:00;78.18;78.36;78.02;78.04;NaN;NaN;NaN;21449;116601.25
2021-11-18T13:30:00+01:00;78.04;78.04;77.2;77.88;NaN;NaN;NaN;67846;110719.2
2021-11-18T13:45:00+01:00;77.86;78.08;77.58;77.84;NaN;NaN;NaN;49912;81850.4
2021-11-18T14:00:00+01:00;77.88;77.94;77.62;77.94;NaN;NaN;NaN;18918;52509.8
2021-11-18T14:15:00+01:00;77.94;78.22;77.94;78.12;NaN;NaN;NaN;20539;48132.2
2021-11-18T14:30:00+01:00;78.18;78.18;77.78;77.92;NaN;NaN;NaN;41673;42475.4
2021-11-18T14:45:00+01:00;77.92;77.92;77.46;77.54;NaN;NaN;NaN;23089;39810.2
2021-11-18T15:00:00+01:00;77.44;77.7;77.44;77.64;NaN;NaN;NaN;31921;35461.15
2021-11-18T15:15:00+01:00;77.68;77.68;76.68;76.8;NaN;NaN;NaN;89209;36917.9
2021-11-18T15:30:00+01:00;76.8;77.76;75.5;77.76;NaN;NaN;NaN;190215;44400.75
2021-11-18T15:45:00+01:00;77.58;77.96;76;76.88;NaN;NaN;NaN;176278;51989.35
2021-11-18T16:00:00+01:00;76.88;77.6;76.2;76.42;NaN;NaN;NaN;109072;55723.15
2021-11-18T16:15:00+01:00;76.42;76.58;75.28;76.3;NaN;NaN;NaN;200891;64950.55
2021-11-18T16:30:00+01:00;76.3;76.76;75.3;75.42;NaN;NaN;NaN;128104;69583.7
2021-11-18T16:45:00+01:00;75.42;75.58;75.08;75.2;NaN;NaN;NaN;124322;73931.5
2021-11-18T17:00:00+01:00;75.16;75.16;74.54;74.94;NaN;NaN;NaN;249793;85027.6
2021-11-18T17:15:00+01:00;74.96;75.14;74.62;74.7;NaN;NaN;NaN;323045;99700.2
2021-11-19T09:00:00+01:00;76;77.2;75.5;76.2;NaN;NaN;NaN;334092;114961.2
2021-11-19T09:15:00+01:00;76.2;76.7;76.2;76.48;NaN;NaN;NaN;94110;118856.6
2021-11-19T09:30:00+01:00;76.48;76.86;76.36;76.8;NaN;NaN;NaN;195616;124504.7
2021-11-19T09:45:00+01:00;76.82;77.5;76.8;77.48;NaN;NaN;NaN;181410;132502.75
2021-11-19T10:00:00+01:00;77.48;77.48;76.82;76.88;NaN;NaN;NaN;171734;137697.15
2021-11-19T10:15:00+01:00;76.94;76.94;76.5;76.8;NaN;NaN;NaN;76614;139032.25
2021-11-19T10:30:00+01:00;76.72;77.18;76.4;77.18;NaN;NaN;NaN;102490;143210.85
2021-11-19T10:45:00+01:00;77.18;77.18;76.74;76.98;NaN;NaN;NaN;74445;145906.15
2021-11-19T11:00:00+01:00;76.98;77.38;76.9;77;NaN;NaN;NaN;94576;148551.3
2021-11-19T11:15:00+01:00;77;77.24;76.98;77.24;NaN;NaN;NaN;47684;149781.05
2021-11-19T11:30:00+01:00;77.24;77.24;76.8;77.06;NaN;NaN;NaN;45290;150449.5
2021-11-19T11:45:00+01:00;77.06;77.12;76.8;77.04;NaN;NaN;NaN;35747;147776.4
2021-11-19T12:00:00+01:00;77.04;77.04;76.8;76.96;NaN;NaN;NaN;38369;140184.1
2021-11-19T12:15:00+01:00;76.96;76.96;76.78;76.8;NaN;NaN;NaN;27654;132752.9
2021-11-19T12:30:00+01:00;76.8;76.8;76.2;76.32;NaN;NaN;NaN;88774;131738
2021-11-19T12:45:00+01:00;76.26;76.72;76.26;76.56;NaN;NaN;NaN;46562;124021.55
2021-11-19T13:00:00+01:00;76.56;76.88;76.3;76.88;NaN;NaN;NaN;146834;124958.05
2021-11-19T13:15:00+01:00;76.88;77.06;76.62;76.98;NaN;NaN;NaN;80860;122784.95
2021-11-19T13:30:00+01:00;76.96;76.96;76.5;76.68;NaN;NaN;NaN;34098;112000.2
2021-11-19T13:45:00+01:00;76.68;76.92;76.62;76.72;NaN;NaN;NaN;18903;96793.1
2021-11-19T14:00:00+01:00;76.7;76.76;76.5;76.62;NaN;NaN;NaN;24765;81326.75
2021-11-19T14:15:00+01:00;76.56;76.68;76.5;76.5;NaN;NaN;NaN;23921;77817.3
2021-11-19T14:30:00+01:00;76.52;76.68;76.36;76.68;NaN;NaN;NaN;30876;69580.3
2021-11-19T14:45:00+01:00;76.66;76.96;76.6;76.92;NaN;NaN;NaN;35793;62299.45
2021-11-19T15:00:00+01:00;76.84;76.92;76.76;76.8;NaN;NaN;NaN;12287;54327.1
2021-11-19T15:15:00+01:00;76.8;76.92;76.52;76.52;NaN;NaN;NaN;50917;53042.25
2021-11-19T15:30:00+01:00;76.52;76.72;76.48;76.56;NaN;NaN;NaN;39393;49887.4
2021-11-19T15:45:00+01:00;76.54;76.64;76.46;76.56;NaN;NaN;NaN;55574;48943.85
2021-11-19T16:00:00+01:00;76.56;76.6;76.38;76.5;NaN;NaN;NaN;53026;46866.35
2021-11-19T16:15:00+01:00;76.52;76.58;76.34;76.58;NaN;NaN;NaN;58149;47389.6
2021-11-19T16:30:00+01:00;76.58;76.58;76.46;76.48;NaN;NaN;NaN;56327;47941.45
2021-11-19T16:45:00+01:00;76.48;76.98;76.48;76.84;NaN;NaN;NaN;52943;48801.25
2021-11-19T17:00:00+01:00;76.86;76.86;76.78;76.8;NaN;NaN;NaN;17391;47752.35
2021-11-19T17:15:00+01:00;76.78;77.1;76.78;76.9;NaN;NaN;NaN;47033;48721.3
2021-11-22T09:00:00+01:00;78;79.6;77.62;78.94;NaN;NaN;NaN;334043;60984.75
2021-11-22T09:15:00+01:00;78.9;78.96;78.5;78.6;NaN;NaN;NaN;136951;65504.2
2021-11-22T09:30:00+01:00;78.6;79.58;78.5;78.94;NaN;NaN;NaN;147584;65541.7
2021-11-22T09:45:00+01:00;78.94;78.94;78.82;78.9;NaN;NaN;NaN;45067;63752.05
2021-11-22T10:00:00+01:00;78.9;79.1;78.74;79.08;NaN;NaN;NaN;36872;63890.75
2021-11-22T10:15:00+01:00;79.06;79.5;79.02;79.4;NaN;NaN;NaN;47637;65327.45
2021-11-22T10:30:00+01:00;79.52;80;79.34;79.5;NaN;NaN;NaN;76338;67906.1
2021-11-22T10:45:00+01:00;79.5;79.64;79;79.2;NaN;NaN;NaN;48616;69140.85
2021-11-22T11:00:00+01:00;79.28;79.4;78.86;78.86;NaN;NaN;NaN;54309;70312.5
2021-11-22T11:15:00+01:00;78.86;79.4;78.82;79.32;NaN;NaN;NaN;35503;70298
2021-11-22T11:30:00+01:00;79.36;79.36;78.5;78.68;NaN;NaN;NaN;70668;73217.05
2021-11-22T11:45:00+01:00;78.72;78.88;78.2;78.88;NaN;NaN;NaN;62648;73803.6
2021-11-22T12:00:00+01:00;78.88;78.88;78.02;78.3;NaN;NaN;NaN;54361;74552
2021-11-22T12:15:00+01:00;78.24;78.44;78.24;78.42;NaN;NaN;NaN;25691;73057.85
2021-11-22T12:30:00+01:00;78.42;78.44;78;78.16;NaN;NaN;NaN;51192;72966.15
2021-11-22T12:45:00+01:00;78.16;78.16;77.22;77.54;NaN;NaN;NaN;54346;72776
2021-11-22T13:00:00+01:00;77.54;78.16;77.54;78.16;NaN;NaN;NaN;33107;71615
2021-11-22T13:15:00+01:00;78.16;78.24;77.84;77.84;NaN;NaN;NaN;19610;69948.35
2021-11-22T13:30:00+01:00;77.84;77.98;77.06;77.7;NaN;NaN;NaN;51259;71641.75
2021-11-22T13:45:00+01:00;77.7;77.76;77.24;77.46;NaN;NaN;NaN;24223;70501.25
2021-11-22T14:00:00+01:00;77.46;77.62;77.4;77.54;NaN;NaN;NaN;21300;54864.1
2021-11-22T14:15:00+01:00;77.56;78;77.56;77.72;NaN;NaN;NaN;27225;49377.8
2021-11-22T14:30:00+01:00;77.72;78.22;77.72;78.2;NaN;NaN;NaN;26197;43308.45
2021-11-22T14:45:00+01:00;78.18;78.4;78.12;78.14;NaN;NaN;NaN;43800;43245.1
2021-11-22T15:00:00+01:00;78.12;78.12;77.54;77.8;NaN;NaN;NaN;56661;44234.55
2021-11-22T15:15:00+01:00;77.9;78.08;77.7;77.84;NaN;NaN;NaN;28368;43271.1
2021-11-22T15:30:00+01:00;77.88;77.9;77.32;77.32;NaN;NaN;NaN;43162;41612.3
2021-11-22T15:45:00+01:00;77.3;78.2;77.12;77.52;NaN;NaN;NaN;51254;41744.2
2021-11-22T16:00:00+01:00;77.52;78.3;77.5;77.72;NaN;NaN;NaN;57156;41886.55
2021-11-22T16:15:00+01:00;77.7;78.04;77.28;77.96;NaN;NaN;NaN;30296;41626.2
2021-11-22T16:30:00+01:00;77.88;77.94;77.22;77.72;NaN;NaN;NaN;37273;39956.45
2021-11-22T16:45:00+01:00;77.74;80.22;77.56;78.9;NaN;NaN;NaN;911675;82407.8
2021-11-22T17:00:00+01:00;78.9;79.18;77.84;78.26;NaN;NaN;NaN;242311;91805.3
2021-11-22T17:15:00+01:00;78.24;78.26;77.72;77.72;NaN;NaN;NaN;69964;94018.95
2021-11-23T09:00:00+01:00;77.72;77.88;75.58;76.86;NaN;NaN;NaN;213305;102124.6
2021-11-23T09:15:00+01:00;76.86;77.12;75.72;76.22;NaN;NaN;NaN;118739;105344.25
2021-11-23T09:30:00+01:00;76.22;76.22;75.02;75.64;NaN;NaN;NaN;157235;111550.65
2021-11-23T09:45:00+01:00;75.64;75.9;75;75.9;NaN;NaN;NaN;143544;117747.35
2021-11-23T10:00:00+01:00;75.64;76.2;75.64;75.64;NaN;NaN;NaN;52411;117804.95
2021-11-23T10:15:00+01:00;75.64;76.06;75.6;75.68;NaN;NaN;NaN;39440;118565.8
2021-11-23T10:30:00+01:00;75.58;75.98;75.3;75.78;NaN;NaN;NaN;73242;121162.9
2021-11-23T10:45:00+01:00;75.92;76.18;75.5;76.18;NaN;NaN;NaN;40229;121813.1
2021-11-23T11:00:00+01:00;76.18;76.5;76.02;76.42;NaN;NaN;NaN;35896;122298.05
2021-11-23T11:15:00+01:00;76.5;77;76.42;76.86;NaN;NaN;NaN;29328;121574.45
2021-11-23T11:30:00+01:00;76.98;77.42;76.96;77.12;NaN;NaN;NaN;47347;121108.75
2021-11-23T11:45:00+01:00;77.02;77.16;76.12;76.28;NaN;NaN;NaN;51957;122288.2
2021-11-23T12:00:00+01:00;76.28;77.28;76.2;76.84;NaN;NaN;NaN;21341;121197.15
2021-11-23T12:15:00+01:00;76.84;77.2;76.76;76.84;NaN;NaN;NaN;26458;119957.35
2021-11-23T12:30:00+01:00;76.84;77.1;76.76;77;NaN;NaN;NaN;12337;117716.4
2021-11-23T12:45:00+01:00;77.1;77.44;77;77.14;NaN;NaN;NaN;45286;118465.9
2021-11-23T13:00:00+01:00;77.14;77.28;76.96;77.2;NaN;NaN;NaN;13789;117291.7
2021-11-23T13:15:00+01:00;77.2;77.3;77.04;77.22;NaN;NaN;NaN;28718;73143.85
2021-11-23T13:30:00+01:00;77.22;77.28;77.14;77.16;NaN;NaN;NaN;12343;61645.45
2021-11-23T13:45:00+01:00;77.2;77.2;77.02;77.08;NaN;NaN;NaN;21768;59235.65
2021-11-23T14:00:00+01:00;77.08;77.48;77.08;77.18;NaN;NaN;NaN;26869;49913.85
2021-11-23T14:15:00+01:00;77.12;77.46;77.02;77.46;NaN;NaN;NaN;17390;44846.4
2021-11-23T14:30:00+01:00;77.32;77.42;77.14;77.34;NaN;NaN;NaN;16490;37809.15
2021-11-23T14:45:00+01:00;77.4;77.62;77.32;77.46;NaN;NaN;NaN;29718;32117.85
2021-11-23T15:00:00+01:00;77.46;77.74;77.38;77.74;NaN;NaN;NaN;34416;31218.1
2021-11-23T15:15:00+01:00;77.74;78.32;77.5;78.32;NaN;NaN;NaN;100347;34263.45
2021-11-23T15:30:00+01:00;78.3;79.7;78.08;78.88;NaN;NaN;NaN;304061;45804.4
2021-11-23T15:45:00+01:00;78.9;79.8;78.52;79.2;NaN;NaN;NaN;103111;48948.5
2021-11-23T16:00:00+01:00;79.14;79.7;78.78;78.88;NaN;NaN;NaN;102223;52264.85
2021-11-23T16:15:00+01:00;78.84;79.22;78.2;78.9;NaN;NaN;NaN;42806;52938.75
2021-11-23T16:30:00+01:00;78.84;78.86;77.98;78.5;NaN;NaN;NaN;90299;55086.35
2021-11-23T16:45:00+01:00;78.46;78.6;77.88;78;NaN;NaN;NaN;56667;55321.85
2021-11-23T17:00:00+01:00;78;78;77.52;77.86;NaN;NaN;NaN;40686;56289.1
2021-11-23T17:15:00+01:00;77.9;78.12;77.76;78.12;NaN;NaN;NaN;133689;61650.65
2021-11-24T09:00:00+01:00;73.68;75.36;71;75.34;NaN;NaN;NaN;875131;104790.35
2021-11-24T09:15:00+01:00;75.34;75.66;74.8;75.08;NaN;NaN;NaN;295862;117319.15
2021-11-24T09:30:00+01:00;75.14;75.2;73.64;73.78;NaN;NaN;NaN;422005;137729.95
2021-11-24T09:45:00+01:00;73.78;74.3;73.64;74.26;NaN;NaN;NaN;213025;146945.3
2021-11-24T10:00:00+01:00;74.26;74.4;73.78;74.08;NaN;NaN;NaN;78173;150236.8
2021-11-24T10:15:00+01:00;74.08;74.34;73.94;74;NaN;NaN;NaN;70697;152683.25
2021-11-24T10:30:00+01:00;74.04;74.18;73.96;74.08;NaN;NaN;NaN;77263;155202.95
2021-11-24T10:45:00+01:00;74.08;74.1;73.26;73.44;NaN;NaN;NaN;166190;162642.95
2021-11-24T11:00:00+01:00;73.44;73.6;72.9;73.18;NaN;NaN;NaN;203863;172011.6
2021-11-24T11:15:00+01:00;73.28;73.42;73.06;73.32;NaN;NaN;NaN;104789;175765.15
2021-11-24T11:30:00+01:00;73.36;73.84;73.3;73.62;NaN;NaN;NaN;68206;177454.65
2021-11-24T11:45:00+01:00;73.62;74;73.36;74;NaN;NaN;NaN;67704;175822.5
2021-11-24T12:00:00+01:00;73.86;74.1;73.66;74.02;NaN;NaN;NaN;99304;165584.65
2021-11-24T12:15:00+01:00;74.02;74.04;73.98;74;NaN;NaN;NaN;72657;164061.95
2021-11-24T12:30:00+01:00;74;74.04;73.52;73.76;NaN;NaN;NaN;103085;164105.05
2021-11-24T12:45:00+01:00;73.62;74.06;73.62;73.86;NaN;NaN;NaN;19025;162916
2021-11-24T13:00:00+01:00;73.9;74;73.84;73.84;NaN;NaN;NaN;20094;159405.75
2021-11-24T13:15:00+01:00;73.84;73.94;73.82;73.84;NaN;NaN;NaN;11485;157146.65
2021-11-24T13:30:00+01:00;73.86;74.38;73.84;74.3;NaN;NaN;NaN;66624;158443.55
2021-11-24T13:45:00+01:00;74.42;74.42;74.1;74.18;NaN;NaN;NaN;27226;153120.4
2021-11-24T14:00:00+01:00;74.1;74.26;74.1;74.18;NaN;NaN;NaN;9198;109823.75
2021-11-24T14:15:00+01:00;74.2;74.22;73.98;74;NaN;NaN;NaN;23716;96216.45
2021-11-24T14:30:00+01:00;74;74.32;73.98;74.02;NaN;NaN;NaN;44899;77361.15
2021-11-24T14:45:00+01:00;74.02;74.38;74;74.26;NaN;NaN;NaN;43535;68886.65
2021-11-24T15:00:00+01:00;74.28;74.32;74.08;74.08;NaN;NaN;NaN;25786;66267.3
2021-11-24T15:15:00+01:00;74.2;74.22;73.8;74.22;NaN;NaN;NaN;54652;65465.05
2021-11-24T15:30:00+01:00;74.14;74.28;73.88;74.22;NaN;NaN;NaN;55532;64378.5
2021-11-24T15:45:00+01:00;74.22;74.74;74.22;74.72;NaN;NaN;NaN;154724;63805.2
2021-11-24T16:00:00+01:00;74.72;75.3;74.6;74.68;NaN;NaN;NaN;101814;58702.75
2021-11-24T16:15:00+01:00;74.68;74.9;74.2;74.64;NaN;NaN;NaN;44279;55677.25
2021-11-24T16:30:00+01:00;74.7;74.9;74.3;74.68;NaN;NaN;NaN;52121;54873
2021-11-24T16:45:00+01:00;74.64;74.76;74.42;74.74;NaN;NaN;NaN;30252;53000.4
2021-11-24T17:00:00+01:00;74.74;74.74;74.54;74.56;NaN;NaN;NaN;20955;49082.95
2021-11-24T17:15:00+01:00;74.58;74.64;74.44;74.64;NaN;NaN;NaN;106009;50750.55
2021-11-25T09:00:00+01:00;75.16;76.4;75.02;75.76;NaN;NaN;NaN;111424;51167.5
2021-11-25T09:15:00+01:00;75.76;75.78;75.06;75.3;NaN;NaN;NaN;55129;52972.7
2021-11-25T09:30:00+01:00;75.3;76.46;75.3;75.68;NaN;NaN;NaN;106488;57292.4
2021-11-25T09:45:00+01:00;75.68;75.68;75.24;75.6;NaN;NaN;NaN;38194;58627.85
2021-11-25T10:00:00+01:00;75.6;75.98;75.5;75.88;NaN;NaN;NaN;22301;56411.7
2021-11-25T10:15:00+01:00;75.88;76.38;75.7;76.18;NaN;NaN;NaN;62831;58191.95
2021-11-25T10:30:00+01:00;76.24;76.28;75.62;75.82;NaN;NaN;NaN;33560;59410.05
2021-11-25T10:45:00+01:00;75.64;75.84;75.54;75.68;NaN;NaN;NaN;27348;59591.65
2021-11-25T11:00:00+01:00;75.7;76.1;75.68;76;NaN;NaN;NaN;35048;59099.1
2021-11-25T11:15:00+01:00;76;76.12;75.8;75.9;NaN;NaN;NaN;32730;58558.85
2021-11-25T11:30:00+01:00;75.9;76;75.64;75.7;NaN;NaN;NaN;16894;58114.25
2021-11-25T11:45:00+01:00;75.7;75.8;75.58;75.78;NaN;NaN;NaN;16310;56197.15
2021-11-25T12:00:00+01:00;75.78;76.1;75.52;76;NaN;NaN;NaN;32038;55022.45
2021-11-25T12:15:00+01:00;75.88;76.08;75.62;75.7;NaN;NaN;NaN;45385;49555.5
2021-11-25T12:30:00+01:00;75.7;75.82;75.54;75.62;NaN;NaN;NaN;18856;45407.6
2021-11-25T12:45:00+01:00;75.6;75.62;74.72;75.2;NaN;NaN;NaN;84198;47403.55
2021-11-25T13:00:00+01:00;75.2;75.56;75;75.4;NaN;NaN;NaN;12722;45433.6
2021-11-25T13:15:00+01:00;75.38;75.5;75;75.5;NaN;NaN;NaN;30023;45422.15
2021-11-25T13:30:00+01:00;75.5;75.8;75.5;75.52;NaN;NaN;NaN;11651;44956.95
2021-11-25T13:45:00+01:00;75.52;75.6;75.2;75.58;NaN;NaN;NaN;10124;40162.7
2021-11-25T14:00:00+01:00;75.64;75.74;75.4;75.6;NaN;NaN;NaN;8148;34998.9
2021-11-25T14:15:00+01:00;75.6;75.64;75.42;75.5;NaN;NaN;NaN;6929;32588.9
2021-11-25T14:30:00+01:00;75.5;75.86;75.42;75.8;NaN;NaN;NaN;56334;30081.2
2021-11-25T14:45:00+01:00;75.82;75.82;75.52;75.6;NaN;NaN;NaN;17928;29067.9
2021-11-25T15:00:00+01:00;75.6;75.76;75.54;75.7;NaN;NaN;NaN;8855;28395.6
2021-11-25T15:15:00+01:00;75.68;75.84;75.64;75.82;NaN;NaN;NaN;20045;26256.3
2021-11-25T15:30:00+01:00;75.82;75.98;75.64;75.88;NaN;NaN;NaN;21606;25658.6
2021-11-25T15:45:00+01:00;75.96;76;75.64;76;NaN;NaN;NaN;53957;26989.05
2021-11-25T16:00:00+01:00;75.94;76;75.72;75.84;NaN;NaN;NaN;19952;26234.25
2021-11-25T16:15:00+01:00;75.8;75.9;75.64;75.72;NaN;NaN;NaN;17006;25448.05
2021-11-25T16:30:00+01:00;75.72;75.72;75.52;75.66;NaN;NaN;NaN;36149;26410.8
2021-11-25T16:45:00+01:00;75.66;75.7;75.3;75.68;NaN;NaN;NaN;36910;27440.8
2021-11-25T17:00:00+01:00;75.68;75.74;75.5;75.54;NaN;NaN;NaN;32359;27456.85
2021-11-25T17:15:00+01:00;75.5;75.66;75.48;75.6;NaN;NaN;NaN;68514;28613.3
2021-11-26T09:00:00+01:00;74;74.5;72.5;73.8;NaN;NaN;NaN;254664;40403.7
2021-11-26T09:15:00+01:00;73.94;74.2;73;73.26;NaN;NaN;NaN;87106;40549.1
2021-11-26T09:30:00+01:00;73.26;73.76;72.6;72.78;NaN;NaN;NaN;145569;47191.45
2021-11-26T09:45:00+01:00;72.8;72.8;71.54;72;NaN;NaN;NaN;186771;55028.85
2021-11-26T10:00:00+01:00;72.1;72.2;71.52;71.98;NaN;NaN;NaN;181684;63530.5
2021-11-26T10:15:00+01:00;72.08;72.18;71.92;72.08;NaN;NaN;NaN;80050;67026.8
2021-11-26T10:30:00+01:00;72.06;72.08;71.84;72;NaN;NaN;NaN;83411;70789.95
2021-11-26T10:45:00+01:00;72;72.12;71.84;72;NaN;NaN;NaN;68496;73868.3
2021-11-26T11:00:00+01:00;71.96;72.02;71.88;71.96;NaN;NaN;NaN;59749;74039.05
2021-11-26T11:15:00+01:00;71.98;72;71.9;71.96;NaN;NaN;NaN;101743;78229.8
2021-11-26T11:30:00+01:00;71.96;72;71.88;71.94;NaN;NaN;NaN;69570;81265.55
2021-11-26T11:45:00+01:00;71.94;71.96;71.52;71.7;NaN;NaN;NaN;70364;83781.5
2021-11-26T12:00:00+01:00;71.7;72;71.2;71.78;NaN;NaN;NaN;85235;86962.95
2021-11-26T12:15:00+01:00;71.78;72.1;71.74;71.98;NaN;NaN;NaN;36041;86067.15
2021-11-26T12:30:00+01:00;71.98;71.98;71.5;71.76;NaN;NaN;NaN;35208;86829.95
2021-11-26T12:45:00+01:00;71.76;72.04;71.68;72;NaN;NaN;NaN;41087;88034
2021-11-26T13:00:00+01:00;72;72.04;71.76;71.82;NaN;NaN;NaN;40988;88275.95
2021-11-26T13:15:00+01:00;71.78;71.98;71.7;71.72;NaN;NaN;NaN;35761;88218.5
2021-11-26T13:30:00+01:00;71.78;71.82;71.64;71.74;NaN;NaN;NaN;34771;88339.1
2021-11-26T13:45:00+01:00;71.76;71.76;71.5;71.52;NaN;NaN;NaN;34656;86646.2
2021-11-26T14:00:00+01:00;71.52;71.6;70.8;70.9;NaN;NaN;NaN;123474;80086.7
2021-11-26T14:15:00+01:00;70.9;71.58;70.82;71.42;NaN;NaN;NaN;36412;77552
2021-11-26T14:30:00+01:00;71.42;71.6;70.5;70.74;NaN;NaN;NaN;69317;73739.4
2021-11-26T14:45:00+01:00;70.62;71.14;70.54;71.1;NaN;NaN;NaN;57063;67254
2021-11-26T15:00:00+01:00;71.1;71.1;70.56;70.8;NaN;NaN;NaN;62390;61289.3
2021-11-26T15:15:00+01:00;70.82;71;70.8;71;NaN;NaN;NaN;44197;59496.65
2021-11-26T15:30:00+01:00;71;71.16;70.74;71.08;NaN;NaN;NaN;62009;58426.55
2021-11-26T15:45:00+01:00;71;71.1;70.6;70.76;NaN;NaN;NaN;79436;58973.55
2021-11-26T16:00:00+01:00;70.76;70.8;70;70;NaN;NaN;NaN;115897;61780.95
2021-11-26T16:15:00+01:00;70.04;70.58;69.8;70.46;NaN;NaN;NaN;199487;66668.15
2021-11-26T16:30:00+01:00;70.46;70.64;70.1;70.54;NaN;NaN;NaN;81058;67242.55
2021-11-26T16:45:00+01:00;70.56;70.68;70.2;70.4;NaN;NaN;NaN;67432;67095.95
2021-11-26T17:00:00+01:00;70.32;71;70.28;70.4;NaN;NaN;NaN;110482;68358.3
2021-11-26T17:15:00+01:00;70.36;70.6;70;70;NaN;NaN;NaN;219237;77518.1
2021-11-29T09:00:00+01:00;70.5;71.88;68.5;68.98;NaN;NaN;NaN;623319;106923.65
2021-11-29T09:15:00+01:00;69.04;69.74;68.62;68.74;NaN;NaN;NaN;268065;118272.55
2021-11-29T09:30:00+01:00;68.7;68.74;67;67.28;NaN;NaN;NaN;404227;136434.5
2021-11-29T09:45:00+01:00;67.3;67.78;67.16;67.48;NaN;NaN;NaN;155652;142429.05
2021-11-29T10:00:00+01:00;67.56;68.48;67.4;68.4;NaN;NaN;NaN;199480;150664.5
2021-11-29T10:15:00+01:00;68.4;69;68.3;68.62;NaN;NaN;NaN;130667;155465.05
2021-11-29T10:30:00+01:00;68.78;69.02;68.5;68.76;NaN;NaN;NaN;86870;153634.85
2021-11-29T10:45:00+01:00;68.7;69.28;68.7;69.28;NaN;NaN;NaN;77907;155709.6
2021-11-29T11:00:00+01:00;69.38;69.6;68.68;68.74;NaN;NaN;NaN;86198;156553.65
2021-11-29T11:15:00+01:00;68.88;69.3;68.36;69.02;NaN;NaN;NaN;112564;159328.7
2021-11-29T11:30:00+01:00;69.1;69.14;68.9;69.08;NaN;NaN;NaN;39753;158196.85
2021-11-29T11:45:00+01:00;69.08;69.18;68.94;69;NaN;NaN;NaN;36655;157819.75
2021-11-29T12:00:00+01:00;69;69.06;68.94;69.02;NaN;NaN;NaN;78385;158638.55
2021-11-29T12:15:00+01:00;68.98;69.3;68.96;69.2;NaN;NaN;NaN;34561;156394.8
2021-11-29T12:30:00+01:00;69.22;69.22;69.02;69.08;NaN;NaN;NaN;36984;152449.15
2021-11-29T12:45:00+01:00;69.08;69.1;68.7;68.96;NaN;NaN;NaN;58189;145384.25
2021-11-29T13:00:00+01:00;68.96;68.96;68.7;68.84;NaN;NaN;NaN;43060;143484.35
2021-11-29T13:15:00+01:00;68.84;69.08;68.78;69.06;NaN;NaN;NaN;55871;142906.3
2021-11-29T13:30:00+01:00;69.04;69.1;69;69.1;NaN;NaN;NaN;23900;138577.2
2021-11-29T13:45:00+01:00;69.1;69.12;69;69.08;NaN;NaN;NaN;21997;128715.2
2021-11-29T14:00:00+01:00;69.08;69.08;68.92;68.92;NaN;NaN;NaN;31513;99124.9
2021-11-29T14:15:00+01:00;68.98;69.06;68.9;69.02;NaN;NaN;NaN;31559;87299.6
2021-11-29T14:30:00+01:00;69.02;69.04;68.8;68.92;NaN;NaN;NaN;38124;68994.45
2021-11-29T14:45:00+01:00;68.8;69.06;68.8;69.02;NaN;NaN;NaN;13419;61882.8
2021-11-29T15:00:00+01:00;69.02;69.18;69;69.18;NaN;NaN;NaN;20387;52928.15
2021-11-29T15:15:00+01:00;69.16;69.22;68.84;68.92;NaN;NaN;NaN;41507;48470.15
2021-11-29T15:30:00+01:00;68.9;69.14;68.9;69.12;NaN;NaN;NaN;47213;46487.3
2021-11-29T15:45:00+01:00;69.12;69.12;68.9;69.1;NaN;NaN;NaN;31480;44165.95
2021-11-29T16:00:00+01:00;69.08;69.1;68.88;69.08;NaN;NaN;NaN;26833;41197.7
2021-11-29T16:15:00+01:00;69.08;69.08;68.86;68.94;NaN;NaN;NaN;58592;38499.1
2021-11-29T16:30:00+01:00;68.94;69.1;68.8;68.8;NaN;NaN;NaN;49496;38986.25
2021-11-29T16:45:00+01:00;68.8;68.92;68.32;68.92;NaN;NaN;NaN;96652;41986.1
2021-11-29T17:00:00+01:00;68.84;68.92;68.18;68.34;NaN;NaN;NaN;129628;44548.25
2021-11-29T17:15:00+01:00;68.3;68.68;68.18;68.5;NaN;NaN;NaN;236407;54640.55
2021-11-30T09:00:00+01:00;67.9;67.9;65;66.4;NaN;NaN;NaN;552890;80435.85
2021-11-30T09:15:00+01:00;66.44;67.22;65.84;66.86;NaN;NaN;NaN;287398;91896.3
2021-11-30T09:30:00+01:00;66.84;67;66;66.96;NaN;NaN;NaN;143087;96897.65
2021-11-30T09:45:00+01:00;66.88;67.16;66.54;67.1;NaN;NaN;NaN;101008;99154.5
2021-11-30T10:00:00+01:00;67.08;67.08;66;66.54;NaN;NaN;NaN;98859;102902.45
2021-11-30T10:15:00+01:00;66.5;66.56;66.1;66.32;NaN;NaN;NaN;51860;104395.6
2021-11-30T10:30:00+01:00;66.36;66.42;66.02;66.24;NaN;NaN;NaN;84223;107031.1
2021-11-30T10:45:00+01:00;66.2;66.44;66.1;66.24;NaN;NaN;NaN;62935;108599.9
2021-11-30T11:00:00+01:00;66.28;66.76;66.24;66.76;NaN;NaN;NaN;63769;109882.15
2021-11-30T11:15:00+01:00;66.7;66.82;66.52;66.52;NaN;NaN;NaN;47615;111591.95
2021-11-30T11:30:00+01:00;66.52;67.1;66.52;67.1;NaN;NaN;NaN;98377;115491.45
2021-11-30T11:45:00+01:00;67.12;67.46;67.04;67.4;NaN;NaN;NaN;38748;115353.5
2021-11-30T12:00:00+01:00;67.4;67.9;67.24;67.64;NaN;NaN;NaN;30702;114527.95
2021-11-30T12:15:00+01:00;67.64;69.68;67.64;69;NaN;NaN;NaN;146389;120273.4
2021-11-30T12:30:00+01:00;68.88;68.88;68.1;68.28;NaN;NaN;NaN;85462;123204.85
2021-11-30T12:45:00+01:00;68.26;69.62;68.26;69.42;NaN;NaN;NaN;75181;124034.3
2021-11-30T13:00:00+01:00;69.34;70;68.9;70;NaN;NaN;NaN;66716;124895.3
2021-11-30T13:15:00+01:00;70;72.38;70;72.02;NaN;NaN;NaN;357832;137954.3
2021-11-30T13:30:00+01:00;72.06;73.94;71;72.68;NaN;NaN;NaN;268848;144915.3
2021-11-30T13:45:00+01:00;72.72;73.72;71.68;71.74;NaN;NaN;NaN;127590;139474.45
2021-11-30T14:00:00+01:00;71.68;71.68;70.16;71.22;NaN;NaN;NaN;129876;118323.75
2021-11-30T14:15:00+01:00;71.22;71.74;70.88;71.62;NaN;NaN;NaN;64444;107176.05
2021-11-30T14:30:00+01:00;71.58;71.84;71.18;71.66;NaN;NaN;NaN;45256;102284.5
2021-11-30T14:45:00+01:00;71.68;72.7;71.68;72.68;NaN;NaN;NaN;98273;102147.75
2021-11-30T15:00:00+01:00;72.7;73.18;72.24;72.98;NaN;NaN;NaN;101232;102266.4
2021-11-30T15:15:00+01:00;73.06;73.6;73.05;73.6;NaN;NaN;NaN;199521;109649.45
2021-11-30T15:30:00+01:00;73.5;75.3;73.36;75.3;NaN;NaN;NaN;343112;122593.9
2021-11-30T15:45:00+01:00;75.12;75.86;74.56;75.84;NaN;NaN;NaN;227560;130825.15
2021-11-30T16:00:00+01:00;75.8;75.84;74.68;75.14;NaN;NaN;NaN;135876;134430.5
2021-11-30T16:15:00+01:00;75.14;75.2;74.82;75.14;NaN;NaN;NaN;92985;136699
2021-11-30T16:30:00+01:00;75.14;75.5;75;75.06;NaN;NaN;NaN;82152;135887.75
2021-11-30T16:45:00+01:00;75.14;75.38;74.62;75;NaN;NaN;NaN;149806;141440.65
2021-11-30T17:00:00+01:00;75;76.6;74.98;76.5;NaN;NaN;NaN;442965;162053.8
2021-11-30T17:15:00+01:00;76.48;77.82;75.24;77.82;NaN;NaN;NaN;5436296;426549.15
2021-12-01T09:00:00+01:00;77.1;77.82;76.14;76.72;NaN;NaN;NaN;371144;440833.25
2021-12-01T09:15:00+01:00;76.78;78.82;76.7;78.82;NaN;NaN;NaN;211819;447665.15
2021-12-01T09:30:00+01:00;78.78;80.54;78.74;80.3;NaN;NaN;NaN;546564;471657.55
2021-12-01T09:45:00+01:00;80.16;80.48;79.86;80.48;NaN;NaN;NaN;183698;462950.85
2021-12-01T10:00:00+01:00;80.48;81.78;80.14;81.46;NaN;NaN;NaN;289708;463993.85
2021-12-01T10:15:00+01:00;81.46;81.82;81.02;81.48;NaN;NaN;NaN;338468;474537.75
2021-12-01T10:30:00+01:00;81.48;81.58;80.08;80.1;NaN;NaN;NaN;136287;474858.3
2021-12-01T10:45:00+01:00;80.18;80.42;79.22;79.92;NaN;NaN;NaN;156652;479468.7
2021-12-01T11:00:00+01:00;79.98;80;79.6;79.92;NaN;NaN;NaN;124417;483426.75
2021-12-01T11:15:00+01:00;79.92;80.72;79.6;79.84;NaN;NaN;NaN;139054;485465.8
2021-12-01T11:30:00+01:00;79.88;80.04;79.7;79.94;NaN;NaN;NaN;2335302;597169.3
2021-12-01T11:45:00+01:00;79.94;79.94;79.8;79.86;NaN;NaN;NaN;30578;588722.15
2021-12-01T12:00:00+01:00;79.8;79.88;78.8;78.9;NaN;NaN;NaN;82703;575701.7
2021-12-01T12:15:00+01:00;78.66;79;78.62;78.94;NaN;NaN;NaN;81973;568422.35
2021-12-01T12:30:00+01:00;78.94;78.98;77.62;77.8;NaN;NaN;NaN;100892;566673.15
2021-12-01T12:45:00+01:00;77.8;77.8;76.26;76.52;NaN;NaN;NaN;183095;571178.65
2021-12-01T13:00:00+01:00;76.7;77.76;76.7;77.5;NaN;NaN;NaN;98579;572000
2021-12-01T13:15:00+01:00;77.5;78.8;77.5;78.5;NaN;NaN;NaN;58239;567421.65
2021-12-01T13:30:00+01:00;78.5;78.5;77.52;77.86;NaN;NaN;NaN;49024;547724.6
2021-12-01T13:45:00+01:00;77.92;77.96;77.18;77.36;NaN;NaN;NaN;48000;278309.8
2021-12-01T14:00:00+01:00;77.34;77.72;77.06;77.08;NaN;NaN;NaN;39580;261731.6
2021-12-01T14:15:00+01:00;77;78.2;76.96;78.06;NaN;NaN;NaN;56526;253966.95
2021-12-01T14:30:00+01:00;78.16;78.16;77.6;78.14;NaN;NaN;NaN;37845;228531
2021-12-01T14:45:00+01:00;78.16;78.5;77.72;77.8;NaN;NaN;NaN;55321;222112.15
2021-12-01T15:00:00+01:00;77.8;77.98;77.48;77.84;NaN;NaN;NaN;56018;210427.65
2021-12-01T15:15:00+01:00;77.84;77.96;77.78;77.84;NaN;NaN;NaN;25606;194784.55
2021-12-01T15:30:00+01:00;77.84;79.8;77.76;79.8;NaN;NaN;NaN;194098;197675.1
2021-12-01T15:45:00+01:00;79.84;80.5;78.42;80.4;NaN;NaN;NaN;353198;207502.4
2021-12-01T16:00:00+01:00;80.04;80.22;79.22;79.7;NaN;NaN;NaN;61636;204363.35
2021-12-01T16:15:00+01:00;79.68;79.78;78.8;79.4;NaN;NaN;NaN;52841;200052.7
2021-12-01T16:30:00+01:00;79.5;79.76;79.18;79.3;NaN;NaN;NaN;60223;86298.75
2021-12-01T16:45:00+01:00;79.3;79.4;78.78;79.08;NaN;NaN;NaN;68266;88183.15
2021-12-01T17:00:00+01:00;79.08;79.12;78.22;78.64;NaN;NaN;NaN;82776;88186.8
2021-12-01T17:15:00+01:00;78.64;79.58;78.2;79.58;NaN;NaN;NaN;318875;100031.9
2021-12-02T09:00:00+01:00;78.54;78.78;77.5;77.8;NaN;NaN;NaN;192646;104619.6
2021-12-02T09:15:00+01:00;77.68;78.48;77.66;78.2;NaN;NaN;NaN;110194;100974.55
2021-12-02T09:30:00+01:00;78.2;78.2;77.8;77.9;NaN;NaN;NaN;87974;100444.3
2021-12-02T09:45:00+01:00;77.86;78.1;77.72;78.02;NaN;NaN;NaN;41811;99622.9
2021-12-02T10:00:00+01:00;78.02;78.1;77.92;78.06;NaN;NaN;NaN;33483;98845.85
2021-12-02T10:15:00+01:00;78.04;78.18;77.8;77.96;NaN;NaN;NaN;69772;99934.45
2021-12-02T10:30:00+01:00;78;78.16;77.8;77.98;NaN;NaN;NaN;20717;98991.3
2021-12-02T10:45:00+01:00;77.9;78.06;77.72;77.84;NaN;NaN;NaN;37151;98022.55
2021-12-02T11:00:00+01:00;77.84;78.1;77.82;77.84;NaN;NaN;NaN;32205;97740.55
2021-12-02T11:15:00+01:00;77.84;77.98;77;77.1;NaN;NaN;NaN;82847;99116.85
2021-12-02T11:30:00+01:00;77.1;77.62;77;77.38;NaN;NaN;NaN;52812;98956.55
2021-12-02T11:45:00+01:00;77.38;77.8;77.34;77.5;NaN;NaN;NaN;58708;100611.65
2021-12-02T12:00:00+01:00;77.6;77.66;77.12;77.48;NaN;NaN;NaN;24144;92113.95
2021-12-02T12:15:00+01:00;77.54;77.54;77.16;77.16;NaN;NaN;NaN;24653;75686.7
2021-12-02T12:30:00+01:00;77.2;77.32;77.08;77.08;NaN;NaN;NaN;39350;74572.4
2021-12-02T12:45:00+01:00;77.2;77.2;77.06;77.18;NaN;NaN;NaN;13889;72624.8
2021-12-02T13:00:00+01:00;77.1;77.18;76.58;76.8;NaN;NaN;NaN;87022;73964.75
2021-12-02T13:15:00+01:00;76.8;77.1;76.52;76.64;NaN;NaN;NaN;35592;72331.05
2021-12-02T13:30:00+01:00;76.64;76.64;76.2;76.28;NaN;NaN;NaN;71982;71791.35
2021-12-02T13:45:00+01:00;76.44;76.74;76.3;76.74;NaN;NaN;NaN;64153;59055.25
2021-12-02T14:00:00+01:00;76.76;76.98;76.34;76.78;NaN;NaN;NaN;45422;51694.05
2021-12-02T14:15:00+01:00;76.86;77.36;76.58;76.8;NaN;NaN;NaN;25423;47455.5
2021-12-02T14:30:00+01:00;76.78;76.9;76.2;76.58;NaN;NaN;NaN;27838;44448.7
2021-12-02T14:45:00+01:00;76.58;76.9;75.72;76.68;NaN;NaN;NaN;73353;46025.8
2021-12-02T15:00:00+01:00;76.48;77.4;76.4;77.3;NaN;NaN;NaN;44925;46597.9
2021-12-02T15:15:00+01:00;77.24;77.56;76.62;77.38;NaN;NaN;NaN;66482;46433.4
2021-12-02T15:30:00+01:00;77.3;77.94;77.3;77.92;NaN;NaN;NaN;79127;49353.9
2021-12-02T15:45:00+01:00;77.92;78.5;77.78;78.5;NaN;NaN;NaN;112150;53103.85
2021-12-02T16:00:00+01:00;78.48;78.5;77.8;77.8;NaN;NaN;NaN;26595;52823.35
2021-12-02T16:15:00+01:00;77.88;77.88;77;77.38;NaN;NaN;NaN;39263;50644.15
2021-12-02T16:30:00+01:00;77.22;77.58;77.22;77.54;NaN;NaN;NaN;30651;49536.1
2021-12-02T16:45:00+01:00;77.42;77.86;77.36;77.68;NaN;NaN;NaN;34938;48347.6
2021-12-02T17:00:00+01:00;77.78;78.02;77.66;77.8;NaN;NaN;NaN;61327;50206.75
2021-12-02T17:15:00+01:00;77.8;77.8;77.42;77.42;NaN;NaN;NaN;195743;58761.25
2021-12-03T09:00:00+01:00;78.74;78.9;78.02;78.1;NaN;NaN;NaN;107184;62152.95
2021-12-03T09:15:00+01:00;78.3;78.62;78.04;78.44;NaN;NaN;NaN;58247;64370.85
2021-12-03T09:30:00+01:00;78.44;78.5;77.58;77.66;NaN;NaN;NaN;46567;62348.1
2021-12-03T09:45:00+01:00;77.6;78;77.44;77.64;NaN;NaN;NaN;58310;63484
2021-12-03T10:00:00+01:00;77.64;78;77.6;77.8;NaN;NaN;NaN;31740;61471.9
2021-12-03T10:15:00+01:00;77.9;77.92;77.68;77.9;NaN;NaN;NaN;25505;59539.5
2021-12-03T10:30:00+01:00;77.94;77.94;77.62;77.78;NaN;NaN;NaN;29295;58733.15
2021-12-03T10:45:00+01:00;77.78;77.78;77.52;77.62;NaN;NaN;NaN;34074;59165.7
2021-12-03T11:00:00+01:00;77.64;77.66;77.54;77.62;NaN;NaN;NaN;16911;58619.35
2021-12-03T11:15:00+01:00;77.62;77.62;77.32;77.42;NaN;NaN;NaN;31245;56513.95
2021-12-03T11:30:00+01:00;77.5;77.58;77.32;77.48;NaN;NaN;NaN;13264;54930.9
2021-12-03T11:45:00+01:00;77.48;77.5;77.32;77.48;NaN;NaN;NaN;15666;52390.1
2021-12-03T12:00:00+01:00;77.44;77.74;77.44;77.66;NaN;NaN;NaN;32670;50067.25
2021-12-03T12:15:00+01:00;77.72;77.84;77.4;77.56;NaN;NaN;NaN;16942;45306.85
2021-12-03T12:30:00+01:00;77.58;77.98;77.58;77.8;NaN;NaN;NaN;38519;45903.05
2021-12-03T12:45:00+01:00;77.8;77.92;77.54;77.7;NaN;NaN;NaN;6057;44242.75
2021-12-03T13:00:00+01:00;77.62;77.98;77.62;77.9;NaN;NaN;NaN;6673;43043.85
2021-12-03T13:15:00+01:00;77.9;77.98;77.28;77.88;NaN;NaN;NaN;36921;43143
2021-12-03T13:30:00+01:00;77.88;77.9;77.72;77.74;NaN;NaN;NaN;3865;40269.9
2021-12-03T13:45:00+01:00;77.86;78.1;77.6;77.8;NaN;NaN;NaN;37578;32361.65
2021-12-03T14:00:00+01:00;77.86;78;77.76;77.96;NaN;NaN;NaN;24315;28218.2
2021-12-03T14:15:00+01:00;77.96;78;77.64;77.72;NaN;NaN;NaN;6796;25645.65
2021-12-03T14:30:00+01:00;77.64;77.92;77.58;77.92;NaN;NaN;NaN;13670;24000.8
2021-12-03T14:45:00+01:00;77.82;77.96;77.68;77.92;NaN;NaN;NaN;6500;21410.3
2021-12-03T15:00:00+01:00;77.8;77.98;77.72;77.98;NaN;NaN;NaN;8011;20223.85
2021-12-03T15:15:00+01:00;77.92;78;77.66;77.8;NaN;NaN;NaN;14272;19662.2
2021-12-03T15:30:00+01:00;77.74;77.98;77.5;77.62;NaN;NaN;NaN;19219;19158.4
2021-12-03T15:45:00+01:00;77.62;77.64;77.28;77.34;NaN;NaN;NaN;29103;18909.85
2021-12-03T16:00:00+01:00;77.4;77.48;76.6;76.6;NaN;NaN;NaN;39492;20038.9
2021-12-03T16:15:00+01:00;76.68;76.96;76.52;76.64;NaN;NaN;NaN;28856;19919.45
2021-12-03T16:30:00+01:00;76.62;76.74;76.5;76.52;NaN;NaN;NaN;26411;20576.8
2021-12-03T16:45:00+01:00;76.58;76.68;75.76;75.84;NaN;NaN;NaN;87034;24145.2
2021-12-03T17:00:00+01:00;75.82;76;75.7;75.76;NaN;NaN;NaN;49927;25008.05
2021-12-03T17:15:00+01:00;75.7;76;75.42;75.78;NaN;NaN;NaN;94080;28864.95
2021-12-06T09:00:00+01:00;76;76.7;74.5;75.42;NaN;NaN;NaN;148211;34349.55
2021-12-06T09:15:00+01:00;75.6;75.7;75;75.54;NaN;NaN;NaN;37462;35919.8
2021-12-06T09:30:00+01:00;75.52;76.3;75.36;76.12;NaN;NaN;NaN;33130;37242.65
2021-12-06T09:45:00+01:00;76;76.22;75.78;75.78;NaN;NaN;NaN;23861;36589.65
2021-12-06T10:00:00+01:00;75.8;76;74.84;75.02;NaN;NaN;NaN;62409;39516.85
2021-12-06T10:15:00+01:00;75.14;75.22;74.98;75.14;NaN;NaN;NaN;25016;38888.75
2021-12-06T10:30:00+01:00;75.16;75.3;75.06;75.06;NaN;NaN;NaN;11810;38263.5
2021-12-06T10:45:00+01:00;75.06;75.28;74.44;74.48;NaN;NaN;NaN;53934;40620.4
2021-12-06T11:00:00+01:00;74.5;74.8;74.34;74.4;NaN;NaN;NaN;33341;41603.95
2021-12-06T11:15:00+01:00;74.36;74.42;73.46;73.46;NaN;NaN;NaN;135926;48075.25
2021-12-06T11:30:00+01:00;73.54;74;72.68;72.68;NaN;NaN;NaN;251032;60226.3
2021-12-06T11:45:00+01:00;72.64;72.7;71.28;71.92;NaN;NaN;NaN;254199;72222.65
2021-12-06T12:00:00+01:00;71.92;72.34;71.92;72.24;NaN;NaN;NaN;110496;76786.5
2021-12-06T12:15:00+01:00;72.26;73.26;72;72.98;NaN;NaN;NaN;73708;79016.75
2021-12-06T12:30:00+01:00;73;73.44;72.8;73.14;NaN;NaN;NaN;65832;80333.75
2021-12-06T12:45:00+01:00;73.12;73.2;72.6;72.94;NaN;NaN;NaN;48926;81337.25
2021-12-06T13:00:00+01:00;72.94;73.12;72.7;72.7;NaN;NaN;NaN;24303;81231.85
2021-12-06T13:15:00+01:00;72.68;73.3;72.62;72.96;NaN;NaN;NaN;28678;78314.05
2021-12-06T13:30:00+01:00;72.9;73.06;72.68;72.84;NaN;NaN;NaN;35010;77568.2
2021-12-06T13:45:00+01:00;72.82;73.04;72.72;72.92;NaN;NaN;NaN;23471;74037.75
2021-12-06T14:00:00+01:00;73;73;72.74;72.82;NaN;NaN;NaN;24454;67849.9
2021-12-06T14:15:00+01:00;72.74;73.12;72.6;73.12;NaN;NaN;NaN;33117;67632.65
2021-12-06T14:30:00+01:00;73.04;74.34;72.96;74;NaN;NaN;NaN;60786;69015.45
2021-12-06T14:45:00+01:00;74;74.02;72.86;73.14;NaN;NaN;NaN;53120;70478.4
2021-12-06T15:00:00+01:00;73.04;73.5;73;73;NaN;NaN;NaN;28247;68770.3
2021-12-06T15:15:00+01:00;73;73.32;73;73.22;NaN;NaN;NaN;25455;68792.25
2021-12-06T15:30:00+01:00;73.22;73.54;72.14;72.4;NaN;NaN;NaN;98506;73127.05
2021-12-06T15:45:00+01:00;72.34;72.56;71.22;71.24;NaN;NaN;NaN;224664;81663.55
2021-12-06T16:00:00+01:00;71.34;72.06;71.34;71.52;NaN;NaN;NaN;165318;88262.4
2021-12-06T16:15:00+01:00;71.58;73;71.56;72.73;NaN;NaN;NaN;57200;84326.1
2021-12-06T16:30:00+01:00;72.8;73.7;72.7;72.82;NaN;NaN;NaN;87886;76168.8
2021-12-06T16:45:00+01:00;72.86;72.86;72.36;72.66;NaN;NaN;NaN;61120;66514.85
2021-12-06T17:00:00+01:00;72.66;73.44;72.46;72.62;NaN;NaN;NaN;102740;66127.05
2021-12-06T17:15:00+01:00;72.62;72.94;72.42;72.94;NaN;NaN;NaN;101134;67498.35
2021-12-07T09:00:00+01:00;73.66;74.6;73.52;74.44;NaN;NaN;NaN;139415;71177.5
2021-12-07T09:15:00+01:00;74.28;74.3;73.68;74.18;NaN;NaN;NaN;43379;70900.15
2021-12-07T09:30:00+01:00;74.3;75.08;74.3;74.86;NaN;NaN;NaN;112600;75315
2021-12-07T09:45:00+01:00;74.92;74.94;74.6;74.82;NaN;NaN;NaN;28008;75281.5
2021-12-07T10:00:00+01:00;74.82;75.16;74.78;75;NaN;NaN;NaN;46136;75837.8
2021-12-07T10:15:00+01:00;75.02;75.08;74.5;74.8;NaN;NaN;NaN;34338;76381.15
2021-12-07T10:30:00+01:00;74.82;75.24;74.68;75.14;NaN;NaN;NaN;90094;79663.15
2021-12-07T10:45:00+01:00;75.04;75.48;75.04;75.28;NaN;NaN;NaN;31955;79605.05
2021-12-07T11:00:00+01:00;75.3;75.4;75.14;75.36;NaN;NaN;NaN;16819;77406.7
2021-12-07T11:15:00+01:00;75.38;75.4;75.04;75.12;NaN;NaN;NaN;13111;75406.25
2021-12-07T11:30:00+01:00;75.28;75.28;75;75.24;NaN;NaN;NaN;34735;75730.65
2021-12-07T11:45:00+01:00;75.26;75.36;75;75.32;NaN;NaN;NaN;28027;75859.25
2021-12-07T12:00:00+01:00;75.36;75.48;75.24;75.48;NaN;NaN;NaN;28930;72380.45
2021-12-07T12:15:00+01:00;75.48;76.24;75.34;75.8;NaN;NaN;NaN;73021;64798.3
2021-12-07T12:30:00+01:00;75.9;76.48;75.8;75.96;NaN;NaN;NaN;43619;58713.35
2021-12-07T12:45:00+01:00;75.98;76.4;75.88;76.2;NaN;NaN;NaN;48210;58263.85
2021-12-07T13:00:00+01:00;76.2;76.24;75.72;75.92;NaN;NaN;NaN;26150;55177.05
2021-12-07T13:15:00+01:00;75.84;75.96;75.7;75.76;NaN;NaN;NaN;14953;52868.7
2021-12-07T13:30:00+01:00;75.7;75.88;75.56;75.84;NaN;NaN;NaN;21578;48810.6
2021-12-07T13:45:00+01:00;75.74;75.94;75.7;75.8;NaN;NaN;NaN;16266;44567.2
2021-12-07T14:00:00+01:00;75.8;76.04;75.8;75.98;NaN;NaN;NaN;17645;38478.7
2021-12-07T14:15:00+01:00;75.96;76.18;75.9;76.18;NaN;NaN;NaN;16033;37111.4
2021-12-07T14:30:00+01:00;76.1;76.22;76;76;NaN;NaN;NaN;11137;32038.25
2021-12-07T14:45:00+01:00;76.14;76.24;75.96;76.12;NaN;NaN;NaN;25236;31899.65
2021-12-07T15:00:00+01:00;76.06;76.14;75.98;75.98;NaN;NaN;NaN;14819;30333.8
2021-12-07T15:15:00+01:00;75.98;75.98;75.7;75.76;NaN;NaN;NaN;21651;29699.45
2021-12-07T15:30:00+01:00;75.76;75.84;75.64;75.64;NaN;NaN;NaN;38531;27121.3
2021-12-07T15:45:00+01:00;75.64;76.42;75.4;76.3;NaN;NaN;NaN;84705;29758.8
2021-12-07T16:00:00+01:00;76.38;76.54;75.94;76.24;NaN;NaN;NaN;96938;33764.75
2021-12-07T16:15:00+01:00;76.16;76.16;75.52;75.82;NaN;NaN;NaN;25998;34409.1
2021-12-07T16:30:00+01:00;75.86;76.06;75.76;76;NaN;NaN;NaN;26211;33982.9
2021-12-07T16:45:00+01:00;75.92;76.16;75.92;76.08;NaN;NaN;NaN;46508;34906.95
2021-12-07T17:00:00+01:00;76.08;76.08;75.5;75.54;NaN;NaN;NaN;42480;35584.45
2021-12-07T17:15:00+01:00;75.48;75.7;75.46;75.5;NaN;NaN;NaN;142770;39071.9
2021-12-08T09:00:00+01:00;76.24;76.74;74.9;76.22;NaN;NaN;NaN;297194;51750.65
2021-12-08T09:15:00+01:00;76.46;76.56;75.9;76.2;NaN;NaN;NaN;95090;54094.65
2021-12-08T09:30:00+01:00;76.42;76.44;76;76.1;NaN;NaN;NaN;51927;55383.5
2021-12-08T09:45:00+01:00;76.1;76.22;75.8;76.14;NaN;NaN;NaN;116642;60467.95
2021-12-08T10:00:00+01:00;76.18;76.46;75.92;76.46;NaN;NaN;NaN;67017;62739.9
2021-12-08T10:15:00+01:00;76.44;76.5;75.86;75.9;NaN;NaN;NaN;53328;64593
2021-12-08T10:30:00+01:00;75.96;75.98;75.6;75.9;NaN;NaN;NaN;39358;65678.65
2021-12-08T10:45:00+01:00;75.84;76;75.76;75.96;NaN;NaN;NaN;41254;66939.7
2021-12-08T11:00:00+01:00;75.96;75.96;75.76;75.94;NaN;NaN;NaN;18039;67284.8
2021-12-08T11:15:00+01:00;75.94;75.94;75.6;75.74;NaN;NaN;NaN;20262;67036.1
2021-12-08T11:30:00+01:00;75.74;75.74;75.24;75.36;NaN;NaN;NaN;34027;67996.5
2021-12-08T11:45:00+01:00;75.36;75.38;74.76;74.9;NaN;NaN;NaN;74742;70651.05
2021-12-08T12:00:00+01:00;74.9;75.6;74.8;75.38;NaN;NaN;NaN;30172;70233.1
2021-12-08T12:15:00+01:00;75.24;75.62;75.24;75.32;NaN;NaN;NaN;29284;67462.05
2021-12-08T12:30:00+01:00;75.36;75.36;75.18;75.3;NaN;NaN;NaN;47929;65011.6
2021-12-08T12:45:00+01:00;75.3;75.94;75.24;75.74;NaN;NaN;NaN;34941;65458.75
2021-12-08T13:00:00+01:00;75.74;75.94;75.66;75.72;NaN;NaN;NaN;19342;65115.3
2021-12-08T13:15:00+01:00;75.66;75.7;75.26;75.52;NaN;NaN;NaN;22730;63926.4
2021-12-08T13:30:00+01:00;75.36;75.52;75.26;75.26;NaN;NaN;NaN;22550;62929.9
2021-12-08T13:45:00+01:00;75.34;75.4;75.14;75.38;NaN;NaN;NaN;22788;56930.8
2021-12-08T14:00:00+01:00;75.28;75.36;75.24;75.24;NaN;NaN;NaN;1476;42144.9
2021-12-08T14:15:00+01:00;76.38;76.7;75.08;75.14;NaN;NaN;NaN;132386;44009.7
2021-12-08T14:30:00+01:00;75.18;75.3;75;75.02;NaN;NaN;NaN;30202;42923.45
2021-12-08T14:45:00+01:00;75.04;75.2;74.86;74.86;NaN;NaN;NaN;70490;40615.85
2021-12-08T15:00:00+01:00;74.92;74.92;74.6;74.9;NaN;NaN;NaN;38230;39176.5
2021-12-08T15:15:00+01:00;74.9;74.92;74.5;74.6;NaN;NaN;NaN;36586;38339.4
2021-12-08T15:30:00+01:00;74.6;74.74;74.1;74.5;NaN;NaN;NaN;75027;40122.85
2021-12-08T15:45:00+01:00;74.3;75.18;74.3;75.02;NaN;NaN;NaN;46624;40391.35
2021-12-08T16:00:00+01:00;74.98;75;74.4;74.7;NaN;NaN;NaN;49352;41957
2021-12-08T16:15:00+01:00;74.72;74.94;74.5;74.7;NaN;NaN;NaN;26907;42289.25
2021-12-08T16:30:00+01:00;74.7;74.7;74.12;74.12;NaN;NaN;NaN;50744;43125.1
2021-12-08T16:45:00+01:00;74.16;74.38;74.1;74.16;NaN;NaN;NaN;61775;42476.75
2021-12-08T17:00:00+01:00;74.14;74.26;74.02;74.12;NaN;NaN;NaN;76692;44802.75
2021-12-08T17:15:00+01:00;74.12;74.48;74;74;NaN;NaN;NaN;317620;59219.55
2021-12-09T09:00:00+01:00;75.5;75.68;74.76;74.86;NaN;NaN;NaN;154531;64549.65
2021-12-09T09:15:00+01:00;74.96;75.56;74.66;75.16;NaN;NaN;NaN;102642;67934.7
2021-12-09T09:30:00+01:00;75.16;75.16;74.78;74.9;NaN;NaN;NaN;67774;70356.3
2021-12-09T09:45:00+01:00;74.82;75.14;74.8;75.06;NaN;NaN;NaN;59157;72177.65
2021-12-09T10:00:00+01:00;75.06;75.14;74.9;75.02;NaN;NaN;NaN;34793;72789.8
2021-12-09T10:15:00+01:00;75.1;75.62;75;75.46;NaN;NaN;NaN;54689;74384.85
2021-12-09T10:30:00+01:00;75.46;76.06;75.46;75.8;NaN;NaN;NaN;119446;80283.35
2021-12-09T10:45:00+01:00;75.82;76.2;75.8;76;NaN;NaN;NaN;72058;77266.95
2021-12-09T11:00:00+01:00;75.96;76.06;75.8;75.92;NaN;NaN;NaN;54941;78503.9
2021-12-09T11:15:00+01:00;75.94;76.18;75.92;76.18;NaN;NaN;NaN;35954;76777.1
2021-12-09T11:30:00+01:00;76.16;76.5;76.14;76.4;NaN;NaN;NaN;77572;78744.2
2021-12-09T11:45:00+01:00;76.36;76.42;76.24;76.28;NaN;NaN;NaN;31207;78475.25
2021-12-09T12:00:00+01:00;76.28;76.38;76;76.06;NaN;NaN;NaN;49027;77175.25
2021-12-09T12:15:00+01:00;76.12;76.16;76.04;76.08;NaN;NaN;NaN;30407;76364.4
2021-12-09T12:30:00+01:00;76.08;76.1;75.9;76;NaN;NaN;NaN;46889;76241.25
2021-12-09T12:45:00+01:00;75.98;76.08;75.7;75.98;NaN;NaN;NaN;53233;77557.55
2021-12-09T13:00:00+01:00;75.98;76.16;75.98;76.1;NaN;NaN;NaN;30874;76564.05
2021-12-09T13:15:00+01:00;76.02;76.2;76;76.02;NaN;NaN;NaN;17021;74326.35
2021-12-09T13:30:00+01:00;76.02;76.44;76;76.28;NaN;NaN;NaN;43980;72690.75
2021-12-09T13:45:00+01:00;76.38;76.4;76.08;76.28;NaN;NaN;NaN;43892;59004.35
2021-12-09T14:00:00+01:00;76.24;76.48;76.12;76.32;NaN;NaN;NaN;40643;53309.95
2021-12-09T14:15:00+01:00;76.32;76.6;76.18;76.18;NaN;NaN;NaN;60326;51194.15
2021-12-09T14:30:00+01:00;76.2;76.4;76.06;76.28;NaN;NaN;NaN;63753;50993.1
2021-12-09T14:45:00+01:00;76.2;76.2;76.06;76.16;NaN;NaN;NaN;34594;49764.95
2021-12-09T15:00:00+01:00;76.16;76.16;75.72;76.04;NaN;NaN;NaN;45005;50275.55
2021-12-09T15:15:00+01:00;76;76.1;75.9;76;NaN;NaN;NaN;43073;49694.75
2021-12-09T15:30:00+01:00;76;76;75;75.08;NaN;NaN;NaN;126110;50027.95
2021-12-09T15:45:00+01:00;75.2;75.26;74.6;74.64;NaN;NaN;NaN;98351;51342.6
2021-12-09T16:00:00+01:00;74.8;74.98;74.6;74.86;NaN;NaN;NaN;23434;49767.25
2021-12-09T16:15:00+01:00;74.82;75.24;74.82;74.9;NaN;NaN;NaN;33250;49632.05
2021-12-09T16:30:00+01:00;74.9;75.06;74.7;75;NaN;NaN;NaN;28286;47167.75
2021-12-09T16:45:00+01:00;75.06;75.12;74.84;75.12;NaN;NaN;NaN;25387;46876.75
2021-12-09T17:00:00+01:00;75.16;75.26;74.92;74.92;NaN;NaN;NaN;25205;45685.65
2021-12-09T17:15:00+01:00;74.92;75.1;74.7;75.1;NaN;NaN;NaN;188157;53573.15
2021-12-10T09:00:00+01:00;75.1;75.98;74.1;75.34;NaN;NaN;NaN;196499;61053.65
2021-12-10T09:15:00+01:00;75.5;75.56;74.32;74.7;NaN;NaN;NaN;57015;61242.75
2021-12-10T09:30:00+01:00;74.7;75;74.54;74.7;NaN;NaN;NaN;18735;60635.8
2021-12-10T09:45:00+01:00;74.7;74.82;74.52;74.66;NaN;NaN;NaN;21096;60839.55
2021-12-10T10:00:00+01:00;74.6;74.66;74.02;74.26;NaN;NaN;NaN;77378;62509.45
2021-12-10T10:15:00+01:00;74.4;74.46;73.6;73.6;NaN;NaN;NaN;94696;65049.65
2021-12-10T10:30:00+01:00;73.7;74.08;73.56;73.78;NaN;NaN;NaN;40954;65065.2
2021-12-10T10:45:00+01:00;73.62;74.34;73.58;74.14;NaN;NaN;NaN;37643;63931.05
2021-12-10T11:00:00+01:00;74.2;74.34;73.86;74.18;NaN;NaN;NaN;18509;61668.85
2021-12-10T11:15:00+01:00;74.18;74.4;74;74.38;NaN;NaN;NaN;31007;61489.5
2021-12-10T11:30:00+01:00;74.26;74.58;74.26;74.5;NaN;NaN;NaN;22217;60350.1
2021-12-10T11:45:00+01:00;74.5;74.68;74.4;74.5;NaN;NaN;NaN;16136;59003.25
2021-12-10T12:00:00+01:00;74.5;74.8;74.42;74.76;NaN;NaN;NaN;26126;54004.05
2021-12-10T12:15:00+01:00;74.76;74.8;74.52;74.64;NaN;NaN;NaN;8684;49520.7
2021-12-10T12:30:00+01:00;74.64;74.66;74.2;74.3;NaN;NaN;NaN;15399;49118.95
2021-12-10T12:45:00+01:00;74.3;74.4;74.2;74.36;NaN;NaN;NaN;13241;48118.5
2021-12-10T13:00:00+01:00;74.36;74.64;74.34;74.44;NaN;NaN;NaN;34886;48448.5
2021-12-10T13:15:00+01:00;74.52;74.52;74.28;74.42;NaN;NaN;NaN;43498;49354.05
2021-12-10T13:30:00+01:00;74.38;74.5;74.14;74.14;NaN;NaN;NaN;22257;49206.65
2021-12-10T13:45:00+01:00;74.24;74.28;74.08;74.12;NaN;NaN;NaN;16873;40642.45
2021-12-10T14:00:00+01:00;74.12;74.24;74.1;74.2;NaN;NaN;NaN;23492;31992.1
2021-12-10T14:15:00+01:00;74.2;74.52;74.2;74.52;NaN;NaN;NaN;21913;30237
2021-12-10T14:30:00+01:00;74.58;74.8;74.52;74.78;NaN;NaN;NaN;25700;30585.25
2021-12-10T14:45:00+01:00;74.76;74.8;74.42;74.7;NaN;NaN;NaN;18186;30439.75
2021-12-10T15:00:00+01:00;74.78;74.78;72.34;73;NaN;NaN;NaN;330930;43117.35
2021-12-10T15:15:00+01:00;73.06;73.86;72.8;73.46;NaN;NaN;NaN;347261;55745.6
2021-12-10T15:30:00+01:00;73.7;74.38;73.46;74;NaN;NaN;NaN;106778;59036.8
2021-12-10T15:45:00+01:00;74.02;74.02;73.6;73.82;NaN;NaN;NaN;49043;59606.8
2021-12-10T16:00:00+01:00;73.66;73.84;73.34;73.4;NaN;NaN;NaN;38913;60627
2021-12-10T16:15:00+01:00;73.4;73.84;73.3;73.74;NaN;NaN;NaN;53301;61741.7
2021-12-10T16:30:00+01:00;73.74;73.74;72.8;72.8;NaN;NaN;NaN;149681;68114.9
2021-12-10T16:45:00+01:00;72.86;73.1;72.4;72.46;NaN;NaN;NaN;152351;74925.65
2021-12-10T17:00:00+01:00;72.46;72.88;72.2;72.6;NaN;NaN;NaN;122459;79742.3
2021-12-10T17:15:00+01:00;72.6;73.2;72.4;72.92;NaN;NaN;NaN;318537;95234.95
2021-12-13T09:00:00+01:00;73.9;74.32;73.24;74.08;NaN;NaN;NaN;167593;102844.65
2021-12-13T09:15:00+01:00;74.1;74.48;74.1;74.32;NaN;NaN;NaN;61534;105259.3
2021-12-13T09:30:00+01:00;74.32;74.82;74.32;74.8;NaN;NaN;NaN;101942;108612.1
2021-12-13T09:45:00+01:00;74.8;75.16;74.8;74.92;NaN;NaN;NaN;101704;111522.4
2021-12-13T10:00:00+01:00;75;75.7;74.9;75.66;NaN;NaN;NaN;121815;116500.3
2021-12-13T10:15:00+01:00;75.66;75.82;75.5;75.7;NaN;NaN;NaN;60571;118685.2
2021-12-13T10:30:00+01:00;75.7;76.16;75.5;76.04;NaN;NaN;NaN;136129;124317.05
2021-12-13T10:45:00+01:00;76;76.06;75.66;75.78;NaN;NaN;NaN;53313;125887.05
2021-12-13T11:00:00+01:00;75.72;75.94;75.58;75.7;NaN;NaN;NaN;73328;128268.45
2021-12-13T11:15:00+01:00;75.64;75.74;75.46;75.62;NaN;NaN;NaN;44192;129568.75
2021-12-13T11:30:00+01:00;75.64;76;75.6;75.9;NaN;NaN;NaN;61313;116087.9
2021-12-13T11:45:00+01:00;75.96;75.96;75.8;75.86;NaN;NaN;NaN;23631;99906.4
2021-12-13T12:00:00+01:00;75.84;76.16;75.7;76.12;NaN;NaN;NaN;86122;98873.6
2021-12-13T12:15:00+01:00;76.12;76.72;76.06;76.66;NaN;NaN;NaN;106345;101738.7
2021-12-13T12:30:00+01:00;76.58;76.84;76.52;76.78;NaN;NaN;NaN;55998;102592.95
2021-12-13T12:45:00+01:00;76.74;76.8;76.42;76.66;NaN;NaN;NaN;54647;102660.25
2021-12-13T13:00:00+01:00;76.66;76.7;76.42;76.46;NaN;NaN;NaN;25649;96458.65
2021-12-13T13:15:00+01:00;76.46;76.6;76.18;76.18;NaN;NaN;NaN;37229;90702.55
2021-12-13T13:30:00+01:00;76.2;76.56;76.08;76.56;NaN;NaN;NaN;57783;87468.75
2021-12-13T13:45:00+01:00;76.52;76.56;76.36;76.48;NaN;NaN;NaN;18323;72458.05
2021-12-13T14:00:00+01:00;76.48;76.6;76.48;76.52;NaN;NaN;NaN;30344;65595.6
2021-12-13T14:15:00+01:00;76.56;76.58;76.42;76.58;NaN;NaN;NaN;30932;64065.5
2021-12-13T14:30:00+01:00;76.52;76.6;76.28;76.28;NaN;NaN;NaN;33106;60623.7
2021-12-13T14:45:00+01:00;76.28;76.44;75.9;76.14;NaN;NaN;NaN;57866;58431.8
2021-12-13T15:00:00+01:00;76.06;76.12;75.88;75.92;NaN;NaN;NaN;25227;53602.4
2021-12-13T15:15:00+01:00;76;76;75.76;75.76;NaN;NaN;NaN;40623;52605
2021-12-13T15:30:00+01:00;75.72;75.94;75.06;75.34;NaN;NaN;NaN;77492;49673.15
2021-12-13T15:45:00+01:00;75.28;75.54;74.64;75.26;NaN;NaN;NaN;92679;51641.45
2021-12-13T16:00:00+01:00;75.26;75.84;75.26;75.84;NaN;NaN;NaN;51511;50550.6
2021-12-13T16:15:00+01:00;75.82;75.82;75.36;75.46;NaN;NaN;NaN;21869;49434.45
2021-12-13T16:30:00+01:00;75.44;75.74;75.28;75.5;NaN;NaN;NaN;36266;48182.1
2021-12-13T16:45:00+01:00;75.44;75.52;74.96;75.22;NaN;NaN;NaN;58656;49933.35
2021-12-13T17:00:00+01:00;75.22;75.22;74.98;75.04;NaN;NaN;NaN;44118;47833.15
2021-12-13T17:15:00+01:00;74.96;75.46;74.96;75.46;NaN;NaN;NaN;230995;54065.65
2021-12-14T09:00:00+01:00;75.46;76;75.02;75.54;NaN;NaN;NaN;111008;56816.15
2021-12-14T09:15:00+01:00;75.54;75.7;74.22;74.68;NaN;NaN;NaN;106626;59415.1
2021-12-14T09:30:00+01:00;74.68;74.82;74.24;74.6;NaN;NaN;NaN;92164;62740.85
2021-12-14T09:45:00+01:00;74.56;74.56;74.02;74.06;NaN;NaN;NaN;112007;66479.75
2021-12-14T10:00:00+01:00;74.08;74.4;73.76;73.96;NaN;NaN;NaN;133183;70249.75
2021-12-14T10:15:00+01:00;73.96;74.2;73.8;73.8;NaN;NaN;NaN;65783;72622.75
2021-12-14T10:30:00+01:00;73.84;73.9;73.58;73.76;NaN;NaN;NaN;55240;73867.55
2021-12-14T10:45:00+01:00;73.76;73.8;73.22;73.3;NaN;NaN;NaN;108108;77726.35
2021-12-14T11:00:00+01:00;73.3;73.8;73.3;73.74;NaN;NaN;NaN;57192;78930.65
2021-12-14T11:15:00+01:00;73.76;73.84;73.48;73.74;NaN;NaN;NaN;47420;78408.35
2021-12-14T11:30:00+01:00;73.78;74.02;73.76;74;NaN;NaN;NaN;28071;78550.55
2021-12-14T11:45:00+01:00;74;74.04;73.76;73.86;NaN;NaN;NaN;25947;77816.75
2021-12-14T12:00:00+01:00;73.9;74.18;73.82;73.82;NaN;NaN;NaN;20959;74990.1
2021-12-14T12:15:00+01:00;73.92;74.02;73.82;73.98;NaN;NaN;NaN;19380;71325.15
2021-12-14T12:30:00+01:00;73.9;73.98;73.78;73.84;NaN;NaN;NaN;13842;69441.7
2021-12-14T12:45:00+01:00;73.82;73.86;73.64;73.82;NaN;NaN;NaN;33533;70024.9
2021-12-14T13:00:00+01:00;73.84;74.02;73.72;73.78;NaN;NaN;NaN;43206;70371.9
2021-12-14T13:15:00+01:00;73.76;73.98;73.62;73.9;NaN;NaN;NaN;23079;68593.05
2021-12-14T13:30:00+01:00;73.86;74.16;73.84;74.14;NaN;NaN;NaN;13953;67084.8
2021-12-14T13:45:00+01:00;74.12;74.42;74.02;74.32;NaN;NaN;NaN;28364;56953.25
2021-12-14T14:00:00+01:00;74.36;74.36;74.16;74.2;NaN;NaN;NaN;11827;51994.2
2021-12-14T14:15:00+01:00;74.16;74.24;74.08;74.22;NaN;NaN;NaN;18775;47601.65
2021-12-14T14:30:00+01:00;74.2;74.22;73.7;73.78;NaN;NaN;NaN;35820;44784.45
2021-12-14T14:45:00+01:00;73.78;73.84;73.32;73.4;NaN;NaN;NaN;112544;44811.3
2021-12-14T15:00:00+01:00;73.4;73.64;73.22;73.5;NaN;NaN;NaN;50075;40655.9
2021-12-14T15:15:00+01:00;73.46;73.48;73.2;73.26;NaN;NaN;NaN;41505;39442
2021-12-14T15:30:00+01:00;73.28;73.8;73.24;73.8;NaN;NaN;NaN;60684;39714.2
2021-12-14T15:45:00+01:00;73.82;74.04;73.68;73.7;NaN;NaN;NaN;56034;37110.5
2021-12-14T16:00:00+01:00;73.7;73.94;73.38;73.46;NaN;NaN;NaN;39345;36218.15
2021-12-14T16:15:00+01:00;73.46;73.46;73.02;73.16;NaN;NaN;NaN;111463;39420.3
2021-12-14T16:30:00+01:00;73.16;73.26;73.04;73.22;NaN;NaN;NaN;35970;39815.25
2021-12-14T16:45:00+01:00;73.26;73.32;73.06;73.14;NaN;NaN;NaN;59793;41507.55
2021-12-14T17:00:00+01:00;73.14;73.44;73.12;73.24;NaN;NaN;NaN;77009;44310.05
2021-12-14T17:15:00+01:00;73.24;73.34;73.14;73.18;NaN;NaN;NaN;156636;51172.85
